ID_Solicitante,Edad,Ingresos_Mensuales,Deudas_Actuales,Historial_Crediticio_Meses,Numero_Creditos_Activos,Tipo_Empleo,Region_Residencia,Estado_Civil,Mora_30_Dias_Ultimos_12_Meses,Mora_60_Dias_Ultimos_12_Meses,Mora_90_Dias_Ultimos_12_Meses,Incumplimiento
1,53,4952.056853347581,554.1822600921745,12.0,1,Independiente,Urbana,Divorciado,1,0,1,1
2,55,9287.435559834643,0.0,91.0,4,Independiente,Suburbana,Casado,0,1,1,1
3,34,4727.597297970652,934.1278627313015,6.0,0,Empleado,Rural,Divorciado,2,2,0,0
4,19,7633.604505992984,2188.5285163069952,180.0,7,Desempleado,Urbana,Soltero,2,0,0,0
5,59,4933.165474931268,1354.3726818149494,21.0,0,Independiente,Suburbana,Casado,2,1,1,0
6,56,6194.967036193098,2042.6609915276672,,3,Empleado,Rural,Casado,0,0,0,0
7,51,8081.826118407662,769.2691644008553,6.0,2,Independiente,Rural,Casado,2,1,1,1
8,44,6594.753503590777,1506.6014339782912,131.0,4,Empleado,Rural,Soltero,0,1,1,0
9,23,5210.225132875327,1499.0253872257276,,6,Empleado,Suburbana,Soltero,0,0,0,0
10,33,5550.469404690562,,169.0,6,Independiente,Urbana,Divorciado,3,2,1,0
11,28,2109.9842207187526,465.63090234509673,93.0,1,Independiente,Urbana,Divorciado,1,0,1,0
12,31,7544.388773932978,231.52969854470507,85.0,0,Estudiante,Suburbana,Soltero,2,1,0,1
13,64,6675.273022989234,1134.8592151796392,48.0,1,Empleado,Rural,Soltero,0,1,0,0
14,22,8076.636823324578,1719.0404336773483,119.0,0,Estudiante,Urbana,Soltero,2,0,0,0
15,45,4366.802073857913,1021.4013217027601,107.0,1,Estudiante,Rural,Soltero,0,1,1,0
16,24,1000.0,1095.681507845817,149.0,3,Desempleado,Rural,Soltero,0,1,0,0
17,47,2324.628143489524,1025.034913593155,155.0,2,Estudiante,Suburbana,Casado,0,0,0,0
18,38,3905.2044151103264,498.69663848841515,126.0,6,Independiente,Urbana,Soltero,2,1,0,0
19,65,8469.311280300535,179.03128239435694,176.0,0,Empleado,Urbana,Casado,1,1,1,0
20,45,3092.3372164703865,641.4311652879363,38.0,0,Estudiante,Urbana,Divorciado,1,0,0,0
21,18,4297.204852823522,,39.0,0,Estudiante,Urbana,Soltero,1,0,0,0
22,36,4602.1287692342685,,56.0,7,Estudiante,Rural,Soltero,3,2,0,0
23,49,7174.646895072414,1697.046365928202,121.0,3,Estudiante,Urbana,Soltero,2,1,1,0
24,57,1000.0,1504.15671480915,167.0,6,Independiente,Urbana,Casado,3,0,0,0
25,47,6604.746231782817,670.0806850310594,148.0,1,Independiente,Rural,Soltero,2,2,0,0
26,60,9669.210515767847,2070.13298545167,157.0,0,Independiente,Urbana,Divorciado,0,1,1,0
27,39,5042.439042147389,723.2253557854137,83.0,2,Estudiante,Suburbana,Soltero,3,0,1,1
28,46,9628.611152357396,1184.7890097124364,47.0,2,Desempleado,Rural,Divorciado,1,2,1,0
29,62,5712.592644151017,1257.9652777006793,73.0,1,Empleado,Rural,Casado,1,1,0,0
30,25,11257.761178039953,1026.7877887143684,49.0,4,Desempleado,Suburbana,Casado,2,1,0,0
31,18,5440.895058002958,535.1498696009126,142.0,2,Estudiante,Rural,Divorciado,1,0,1,0
32,50,4526.251394340901,374.8862445708014,86.0,5,Desempleado,Suburbana,Soltero,3,1,0,0
33,50,3473.166867417195,0.0,104.0,2,Independiente,Urbana,Soltero,3,2,0,0
34,28,7703.811427446921,1325.3970700687305,149.0,6,Estudiante,Suburbana,Soltero,0,2,0,0
35,27,6097.773230702051,,95.0,7,Desempleado,Rural,Casado,1,2,0,0
36,54,5679.415043793356,2495.3112570003495,31.0,3,Desempleado,Suburbana,Casado,2,2,0,1
37,52,3578.0680204131486,1422.685438623346,93.0,3,Independiente,Rural,Divorciado,3,2,0,0
38,45,,2113.5913827166064,122.0,2,Desempleado,Suburbana,Soltero,0,1,1,0
39,52,6596.637031384378,1591.1350758618805,15.0,4,Empleado,Suburbana,Soltero,3,1,0,0
40,28,2354.3260736503594,552.8781186360146,29.0,5,Desempleado,Suburbana,Divorciado,3,1,0,0
41,56,2582.7789898410183,0.0,154.0,3,Independiente,Urbana,Divorciado,3,0,1,0
42,59,6492.998340269094,990.6969280735896,33.0,4,Estudiante,Urbana,Casado,1,2,1,0
43,29,6497.679221449232,1228.3914244284003,139.0,6,Empleado,Suburbana,Casado,0,0,1,0
44,57,6101.0907880090235,2270.492329417362,34.0,4,Estudiante,Suburbana,Divorciado,2,2,1,0
45,43,5518.237723189884,1735.191374483061,170.0,5,Desempleado,Suburbana,Casado,0,0,1,0
46,53,4744.39078491481,1859.8304960098067,70.0,7,Empleado,Suburbana,Divorciado,0,0,0,0
47,22,2400.905863200548,0.0,57.0,6,Independiente,Rural,Casado,1,2,0,0
48,33,10766.65117916109,2669.043321850595,74.0,3,Independiente,Urbana,Divorciado,2,1,1,0
49,27,1000.0,1171.1093392189782,138.0,2,Empleado,Suburbana,Soltero,1,2,1,1
50,32,5874.790857696606,1778.3772655747111,14.0,0,Independiente,Suburbana,Divorciado,3,0,1,0
51,22,9848.022241378083,,122.0,3,Independiente,Urbana,Divorciado,1,0,0,0
52,56,2980.7954362113805,1199.063059047029,131.0,4,Empleado,Urbana,Soltero,3,1,1,0
53,59,3091.054915286322,0.0,,2,Estudiante,Urbana,Soltero,1,0,0,0
54,35,,1886.0351257253524,74.0,2,Desempleado,Urbana,Casado,2,0,1,0
55,33,5448.83153615337,1699.2362073198417,5.0,7,Estudiante,Rural,Divorciado,2,0,0,1
56,55,6702.51550988563,378.4114996864256,171.0,0,Empleado,Urbana,Divorciado,2,1,0,0
57,39,5670.053860947638,0.0,13.0,1,Independiente,Urbana,Soltero,2,1,1,0
58,21,4220.22334628699,1240.3625475615459,114.0,6,Empleado,Rural,Soltero,0,0,1,0
59,51,5497.118334279819,167.2520985515432,,6,Independiente,Suburbana,Casado,1,1,0,1
60,31,,1432.7677037263165,169.0,0,Desempleado,Urbana,Casado,1,0,0,0
61,45,7568.483588258252,1034.4260052080822,107.0,5,Estudiante,Suburbana,Casado,3,1,1,0
62,43,4857.433301866948,1945.0208000023376,150.0,3,Estudiante,Suburbana,Divorciado,3,0,1,0
63,29,3569.8347149318397,2581.6236528832937,40.0,7,Estudiante,Urbana,Divorciado,1,0,1,0
64,21,2136.8182383756284,2038.797065191035,146.0,2,Desempleado,Urbana,Casado,3,0,1,0
65,60,6847.919610382643,3128.0964179161533,159.0,1,Desempleado,Urbana,Divorciado,1,1,1,0
66,39,2697.0766990447305,0.0,133.0,4,Empleado,Urbana,Casado,2,1,0,0
67,24,8623.615918238478,22.933194144172376,163.0,2,Independiente,Urbana,Soltero,0,0,0,0
68,53,,2145.7208645018054,73.0,6,Empleado,Rural,Casado,1,0,1,0
69,24,6449.401911794381,1385.7447092017549,69.0,0,Independiente,Rural,Divorciado,3,2,1,0
70,57,6502.350087017362,1869.9375146970756,61.0,2,Desempleado,Suburbana,Divorciado,1,0,0,0
71,31,6967.671211907545,226.7329545670757,128.0,1,Empleado,Suburbana,Soltero,1,0,0,1
72,56,10062.49930462296,1240.8864279015215,74.0,4,Desempleado,Urbana,Divorciado,0,1,0,0
73,29,6795.853966198762,1768.79121402149,79.0,0,Empleado,Urbana,Casado,2,1,0,0
74,27,8389.819504703213,2041.6854579797086,5.0,4,Independiente,Suburbana,Divorciado,1,2,0,1
75,35,5829.34206611873,1253.9731876678322,21.0,4,Desempleado,Suburbana,Soltero,3,2,1,0
76,65,6521.527457422241,2080.048804762773,25.0,3,Desempleado,Suburbana,Soltero,1,2,1,0
77,18,2718.4457879177894,1715.276337793568,89.0,6,Independiente,Suburbana,Casado,2,2,1,0
78,27,3284.193487510005,2680.9708200011764,56.0,7,Desempleado,Suburbana,Divorciado,1,2,1,0
79,48,6418.285419961194,867.1779402793054,22.0,2,Desempleado,Urbana,Soltero,0,1,1,0
80,43,6571.79150417224,1207.3613261491623,105.0,0,Estudiante,Suburbana,Divorciado,1,0,1,0
81,39,5099.532594168931,0.0,44.0,5,Independiente,Rural,Soltero,3,1,0,0
82,61,2939.5174920557124,1087.6375204139886,87.0,2,Empleado,Urbana,Casado,1,0,1,0
83,65,1279.1146507989924,730.2589621139034,158.0,2,Independiente,Suburbana,Casado,0,0,0,0
84,38,4250.313093032437,576.4458986096546,7.0,3,Desempleado,Urbana,Soltero,1,2,0,0
85,20,7430.887034161602,495.8645451214894,60.0,5,Empleado,Suburbana,Soltero,2,1,1,0
86,51,5721.02203019141,917.4688328075401,131.0,7,Independiente,Urbana,Divorciado,0,0,1,1
87,56,5203.006842169663,,23.0,3,Empleado,Rural,Casado,3,2,0,0
88,52,5949.215879582936,1498.4263132210306,128.0,4,Independiente,Rural,Soltero,1,1,0,0
89,51,3586.4572819673303,1700.9197418365097,37.0,0,Estudiante,Urbana,Divorciado,1,2,0,1
90,52,6959.924767119586,1590.0869336309693,50.0,2,Independiente,Suburbana,Casado,3,0,0,0
91,46,2477.057955293371,731.8022256255251,135.0,7,Empleado,Rural,Divorciado,1,0,1,0
92,22,9083.950158920728,649.8044274501846,,1,Empleado,Urbana,Casado,2,2,0,0
93,46,9424.970064386576,762.8827383596745,122.0,2,Empleado,Urbana,Casado,3,0,0,0
94,21,5870.540385132056,1050.2646125940287,64.0,3,Empleado,Urbana,Divorciado,2,1,0,0
95,60,3387.9867945458404,535.6728163442532,95.0,2,Empleado,Urbana,Soltero,1,0,0,0
96,57,3739.392483775662,1318.45142515966,129.0,7,Desempleado,Rural,Soltero,2,2,0,0
97,43,7726.043809988176,1266.5253221711966,28.0,3,Desempleado,Urbana,Soltero,1,0,1,0
98,43,5416.554408636126,2168.3024442738374,108.0,0,Independiente,Urbana,Soltero,3,0,0,0
99,47,5603.3454424157835,765.7091159109224,166.0,6,Empleado,Rural,Casado,2,2,0,1
100,51,3005.647303408001,2216.357826926894,103.0,7,Empleado,Rural,Divorciado,2,1,0,0
101,42,4676.506224594244,737.1409645009054,,7,Estudiante,Rural,Soltero,0,1,1,0
102,46,3837.391941068184,2171.3524443901824,101.0,3,Empleado,Urbana,Soltero,0,2,1,0
103,57,4067.565016829438,,79.0,7,Empleado,Rural,Soltero,3,1,0,1
104,48,4923.980223976328,233.2957351784612,103.0,5,Estudiante,Suburbana,Divorciado,1,0,1,0
105,45,4668.770765450248,1173.7654924416477,131.0,5,Estudiante,Urbana,Divorciado,2,1,1,0
106,38,5212.073018071626,1088.013037699092,120.0,0,Independiente,Suburbana,Divorciado,1,0,1,0
107,46,,571.9920322378969,74.0,4,Empleado,Rural,Casado,2,2,0,0
108,46,5526.8439094354835,1632.7587365823406,70.0,6,Desempleado,Urbana,Divorciado,3,0,1,0
109,61,1843.510598500719,2239.249774441765,114.0,7,Independiente,Urbana,Soltero,1,0,0,0
110,40,1000.0,1260.1988598130793,103.0,4,Estudiante,Urbana,Divorciado,1,2,0,0
111,24,,717.3177520839807,27.0,6,Desempleado,Suburbana,Casado,3,0,0,0
112,65,1000.0,1122.620719926362,12.0,6,Estudiante,Rural,Soltero,1,1,0,0
113,62,5924.239811508584,,77.0,2,Empleado,Suburbana,Casado,3,2,0,0
114,18,3424.6664735488516,1970.169676851027,77.0,6,Estudiante,Urbana,Soltero,0,2,1,1
115,30,5794.2043992544395,0.0,121.0,4,Desempleado,Urbana,Soltero,0,2,0,0
116,22,6624.574794387829,455.5849344173057,67.0,6,Independiente,Rural,Soltero,2,1,1,0
117,50,3563.0939179333795,1358.1259141446385,81.0,3,Estudiante,Urbana,Casado,0,2,1,0
118,34,5761.225069047838,877.9147670729346,141.0,1,Estudiante,Urbana,Soltero,3,1,0,0
119,52,4239.476563545368,,24.0,6,Empleado,Rural,Divorciado,0,1,1,1
120,35,3548.5162673184177,2071.2098014220337,107.0,1,Empleado,Suburbana,Divorciado,3,0,0,0
121,46,1577.0157524788356,1007.2971243413398,25.0,6,Estudiante,Urbana,Divorciado,0,2,1,0
122,32,1851.4873165536278,1948.8013978228173,179.0,5,Empleado,Rural,Soltero,2,0,1,0
123,40,4894.224165032563,354.66512569510996,139.0,4,Desempleado,Suburbana,Divorciado,2,0,0,0
124,19,7212.619065654214,0.0,143.0,6,Empleado,Rural,Divorciado,1,1,0,0
125,43,6202.21006284747,2121.031350830198,175.0,7,Desempleado,Rural,Soltero,3,2,1,0
126,18,5948.858894656948,794.7916425727337,82.0,5,Empleado,Rural,Divorciado,3,0,1,1
127,35,2394.5450954765693,2066.0117083380064,20.0,6,Empleado,Rural,Divorciado,3,2,1,0
128,61,7818.554644105752,683.710535287183,116.0,5,Desempleado,Urbana,Casado,3,2,1,0
129,18,3953.40621597618,2149.41368018132,23.0,1,Estudiante,Urbana,Casado,0,0,1,0
130,28,6829.032866971361,0.0,42.0,2,Independiente,Suburbana,Casado,2,0,0,0
131,35,5010.74398824252,1013.9548417777357,81.0,2,Estudiante,Suburbana,Casado,1,0,1,0
132,45,6119.086181574012,1204.8368127482443,24.0,3,Desempleado,Suburbana,Casado,1,1,0,0
133,61,4218.222095569454,1342.6877218879026,92.0,4,Estudiante,Urbana,Soltero,2,2,0,0
134,22,4380.555842883201,3931.3496207840467,111.0,3,Estudiante,Urbana,Soltero,3,2,0,0
135,21,5806.819752533841,1188.2404246967983,101.0,1,Desempleado,Suburbana,Casado,0,1,0,0
136,55,10107.018895778907,108.52528524455715,139.0,1,Independiente,Rural,Soltero,0,0,0,0
137,26,5225.067814791296,440.3175303965812,129.0,0,Estudiante,Urbana,Casado,1,0,0,0
138,38,7087.525141275222,804.5204142574938,,7,Estudiante,Suburbana,Divorciado,0,0,1,0
139,34,6950.234337999369,1606.440798747634,143.0,1,Estudiante,Suburbana,Soltero,1,2,0,0
140,35,7450.9306549751855,1619.615034017565,153.0,6,Estudiante,Rural,Casado,2,0,0,0
141,22,4939.901515362459,81.87783458481067,124.0,1,Empleado,Rural,Soltero,0,1,1,0
142,40,8022.712352533159,2327.2219397321255,80.0,4,Empleado,Suburbana,Casado,0,2,0,0
143,47,3155.3292217709895,1788.7018892901501,164.0,4,Desempleado,Rural,Soltero,0,2,0,1
144,29,2574.093131036034,1362.745739809518,36.0,0,Estudiante,Rural,Divorciado,3,1,0,0
145,55,6523.551215520827,859.0241809562607,164.0,1,Estudiante,Rural,Casado,1,1,0,0
146,55,5737.678592232691,1878.5625371977726,148.0,3,Independiente,Urbana,Divorciado,2,0,1,0
147,56,5226.458736872473,659.8899963518418,144.0,5,Empleado,Rural,Divorciado,3,2,1,0
148,29,2440.551968069153,887.388506996472,87.0,2,Desempleado,Suburbana,Casado,1,0,1,0
149,60,2563.1960469772775,898.092782688448,77.0,6,Empleado,Rural,Divorciado,3,1,0,0
150,51,4336.893841426028,1843.2839759700164,180.0,5,Desempleado,Suburbana,Casado,3,1,0,1
151,43,5683.687540525777,3237.8077517737534,149.0,4,Independiente,Urbana,Soltero,1,0,0,0
152,44,1000.0,1450.697145375024,47.0,1,Empleado,Suburbana,Divorciado,1,1,0,0
153,42,4371.109286251221,435.16750361244317,137.0,5,Empleado,Suburbana,Casado,2,2,0,0
154,57,5425.576263559574,1116.3064541112317,13.0,6,Estudiante,Rural,Casado,0,1,1,0
155,41,8194.53204336508,1273.006757442402,56.0,2,Desempleado,Urbana,Soltero,3,1,1,0
156,53,3767.9960307030788,,121.0,6,Independiente,Suburbana,Divorciado,0,0,0,0
157,46,4925.871090721206,299.61716390343463,180.0,5,Independiente,Urbana,Casado,2,0,1,0
158,61,4878.636576218059,1384.753661925351,167.0,1,Empleado,Rural,Casado,0,0,1,0
159,44,5680.706075580367,1464.2504437055059,161.0,2,Estudiante,Rural,Divorciado,2,2,0,0
160,65,4183.786977482021,1454.0895691471546,80.0,1,Empleado,Suburbana,Divorciado,1,2,1,0
161,37,5800.289532043539,1302.5835070188346,11.0,4,Estudiante,Rural,Casado,3,0,1,0
162,32,5580.891382066717,2940.8745681887713,128.0,4,Empleado,Urbana,Casado,0,0,0,0
163,65,8275.315609500172,1436.313405542906,100.0,4,Desempleado,Urbana,Casado,3,1,0,1
164,63,3499.4818078794574,966.1340001948289,6.0,3,Desempleado,Suburbana,Casado,0,0,1,0
165,22,9539.470377870846,749.6500297331968,46.0,4,Empleado,Urbana,Divorciado,0,2,1,0
166,63,5085.675917161337,1022.8773395084731,46.0,6,Estudiante,Suburbana,Casado,1,0,1,0
167,26,6419.71819289629,850.6828181716552,10.0,1,Desempleado,Suburbana,Casado,1,0,0,0
168,45,5942.145020370638,868.5464842787007,21.0,0,Estudiante,Rural,Soltero,1,0,1,0
169,52,8786.27674882933,650.9779004528052,89.0,6,Desempleado,Urbana,Casado,3,1,0,0
170,32,7944.11211197109,731.8913149410675,121.0,2,Estudiante,Rural,Divorciado,1,2,1,0
171,29,3365.634180298145,639.3658028080624,76.0,4,Independiente,Suburbana,Soltero,2,1,1,0
172,53,1221.410682413114,1550.8787571074454,43.0,3,Independiente,Suburbana,Divorciado,0,2,1,0
173,27,2590.0597261922394,913.664377925915,122.0,6,Independiente,Rural,Divorciado,2,0,1,0
174,27,7404.053993996908,1783.4821437957075,152.0,2,Estudiante,Rural,Divorciado,2,1,1,0
175,24,1920.8527100068359,1448.4348639447498,13.0,0,Independiente,Suburbana,Casado,2,1,0,0
176,58,8351.23495577064,690.5256718481089,153.0,4,Empleado,Rural,Casado,0,0,1,0
177,26,6783.933320004573,285.3763153643687,,5,Empleado,Suburbana,Divorciado,0,2,1,0
178,43,6464.142383092475,1305.0170890637264,156.0,3,Estudiante,Urbana,Soltero,0,2,1,0
179,33,7152.867389563631,1679.3168695109644,69.0,7,Desempleado,Urbana,Divorciado,2,1,1,0
180,49,2116.290976122119,1309.242592595354,1.0,2,Independiente,Suburbana,Divorciado,3,2,0,0
181,33,9132.284110684679,0.0,161.0,1,Empleado,Suburbana,Soltero,2,2,0,0
182,57,7917.315284655164,2481.3640797032704,48.0,1,Desempleado,Rural,Divorciado,1,0,0,0
183,55,1788.411198787996,663.4407430820172,81.0,4,Independiente,Suburbana,Soltero,3,2,0,0
184,54,6794.358304876329,491.0999073490873,95.0,4,Independiente,Rural,Casado,1,0,0,0
185,55,8911.447959113408,2047.1170126048569,82.0,2,Independiente,Rural,Divorciado,2,0,1,1
186,47,2037.5919011422038,605.5535200551897,32.0,2,Empleado,Rural,Soltero,1,1,0,0
187,48,7424.592054587553,1784.5275221978625,177.0,2,Independiente,Suburbana,Casado,0,2,1,0
188,19,11046.100088257597,496.0942356404146,69.0,6,Empleado,Urbana,Soltero,2,2,1,0
189,25,9148.044598679979,,140.0,2,Estudiante,Suburbana,Casado,1,0,1,0
190,34,6750.802331139679,1913.8739532475875,79.0,0,Independiente,Urbana,Divorciado,2,0,1,0
191,33,1000.0,1928.965038466226,78.0,1,Desempleado,Rural,Divorciado,0,0,0,0
192,65,8961.424227623465,2076.7054027789936,162.0,3,Desempleado,Suburbana,Soltero,0,2,1,1
193,45,10633.347025194193,1972.1418268047123,70.0,2,Desempleado,Rural,Soltero,2,2,0,0
194,18,4156.9872466187135,2191.2089075322224,157.0,5,Estudiante,Suburbana,Divorciado,0,0,1,0
195,59,4015.0842986114612,1265.9343399567829,56.0,0,Empleado,Rural,Soltero,2,1,1,0
196,29,7579.4581835030895,1558.464659317368,43.0,2,Empleado,Suburbana,Divorciado,0,2,0,0
197,19,8877.829979625409,3190.939756671015,89.0,3,Independiente,Urbana,Casado,1,1,0,1
198,35,2656.590145121501,937.3311049522499,15.0,0,Desempleado,Urbana,Divorciado,1,0,0,0
199,23,6290.945906405774,829.447245354607,74.0,3,Desempleado,Urbana,Divorciado,0,2,0,0
200,18,5310.734328755253,1820.6556850200548,9.0,7,Independiente,Rural,Casado,0,2,0,0
201,18,7107.2708284169175,1397.866184244707,128.0,4,Empleado,Rural,Casado,2,1,1,0
202,32,5869.326258160577,1020.903892405107,48.0,5,Independiente,Urbana,Divorciado,0,2,0,1
203,41,9011.307098619294,2530.711069274398,103.0,3,Estudiante,Suburbana,Divorciado,2,2,1,0
204,38,8047.035009021176,280.4987297072364,21.0,1,Independiente,Rural,Divorciado,3,1,0,0
205,40,4844.473924913821,1359.7327678183078,142.0,3,Estudiante,Suburbana,Divorciado,1,0,0,0
206,49,3148.2636801944127,1263.2669637831425,3.0,0,Empleado,Rural,Divorciado,3,1,1,0
207,58,5555.554481335607,2067.3105396697847,54.0,4,Desempleado,Suburbana,Soltero,0,0,0,0
208,27,4254.2739008034205,2130.642310618956,,7,Desempleado,Urbana,Soltero,3,0,1,0
209,21,3106.5799095765337,545.7286418709169,178.0,4,Estudiante,Suburbana,Casado,3,2,0,0
210,35,4551.594230670032,1238.2975093318466,80.0,5,Estudiante,Suburbana,Soltero,1,1,1,0
211,52,1000.0,1567.4380523287514,64.0,5,Desempleado,Suburbana,Soltero,2,2,0,0
212,63,9773.356329364378,1721.0156543818825,,5,Estudiante,Rural,Divorciado,3,2,0,0
213,52,4973.325182987093,332.3271341843258,175.0,7,Empleado,Rural,Divorciado,1,2,0,0
214,50,1000.0,0.0,47.0,0,Empleado,Suburbana,Soltero,1,1,1,0
215,49,5172.900312482807,2885.5280147610147,144.0,6,Independiente,Urbana,Divorciado,0,2,0,0
216,21,1000.0,1760.1743113880502,21.0,0,Estudiante,Urbana,Casado,0,1,1,0
217,54,3805.7114690351464,931.6040327773255,153.0,7,Empleado,Rural,Soltero,0,2,1,0
218,19,,106.04896681047649,100.0,6,Estudiante,Rural,Divorciado,1,2,1,0
219,62,5814.093096680802,1410.2427891757352,175.0,2,Desempleado,Rural,Divorciado,2,1,0,0
220,25,7170.850146798226,0.0,125.0,5,Independiente,Suburbana,Soltero,3,2,0,0
221,32,7684.930833695218,1913.446043404147,156.0,7,Desempleado,Suburbana,Casado,3,2,1,0
222,39,6561.234216078679,863.2307063452313,150.0,4,Desempleado,Urbana,Casado,3,1,0,0
223,37,6271.077167972361,1071.6407545517422,134.0,5,Independiente,Urbana,Divorciado,3,2,0,0
224,45,7921.290824962515,906.7645616585735,27.0,1,Empleado,Urbana,Casado,3,2,0,0
225,57,5770.061075191671,0.0,47.0,4,Empleado,Urbana,Soltero,0,0,1,1
226,39,6263.2494729755535,600.3564392762105,13.0,0,Desempleado,Rural,Divorciado,0,0,0,0
227,46,6781.165543401423,1830.7399161982673,40.0,4,Desempleado,Suburbana,Soltero,3,0,0,0
228,55,3975.0676447633696,1224.9506419741735,1.0,1,Empleado,Urbana,Soltero,2,1,0,1
229,61,5936.237278383144,1494.4509855466567,80.0,5,Independiente,Suburbana,Divorciado,0,2,1,0
230,51,7474.644564109789,1727.2089410907704,155.0,2,Estudiante,Urbana,Casado,2,2,0,0
231,41,4550.274231879668,2478.6575433232833,102.0,5,Independiente,Suburbana,Divorciado,3,0,1,0
232,52,7379.968690302003,2324.1155138016215,18.0,1,Estudiante,Suburbana,Divorciado,1,2,1,0
233,21,6366.7668084297975,1524.6443642228326,68.0,2,Desempleado,Rural,Divorciado,1,0,1,0
234,59,5207.0223714886415,844.9804172498436,153.0,1,Independiente,Urbana,Soltero,0,0,1,0
235,63,7938.345452760923,1411.672499665133,56.0,0,Independiente,Suburbana,Casado,1,1,0,0
236,51,5171.090386216512,381.90001130287817,54.0,1,Estudiante,Suburbana,Casado,0,0,0,0
237,26,9387.788844270297,1290.100347706056,44.0,1,Empleado,Urbana,Soltero,3,2,1,0
238,40,2433.193556953622,1265.1379726596185,,6,Empleado,Rural,Divorciado,0,0,1,0
239,22,4997.698905498595,1006.4428798838812,38.0,1,Empleado,Urbana,Divorciado,0,0,1,0
240,45,6940.649504928414,,172.0,1,Desempleado,Urbana,Soltero,2,0,0,0
241,25,4736.252369798769,2289.923789551087,34.0,0,Independiente,Urbana,Soltero,2,2,1,0
242,57,1151.0825618450463,1158.8941536845787,97.0,2,Estudiante,Rural,Divorciado,0,1,0,0
243,35,7822.129651647034,1701.5459591139736,38.0,2,Empleado,Urbana,Casado,3,2,0,0
244,38,8050.121483191546,2817.257503907203,130.0,5,Empleado,Urbana,Casado,0,2,0,0
245,44,9747.379359729981,275.5722288937003,20.0,1,Desempleado,Rural,Casado,1,0,0,0
246,54,1473.2414597312595,1461.4819253588123,142.0,5,Estudiante,Suburbana,Soltero,1,1,1,0
247,65,2114.7057961059486,0.0,53.0,3,Independiente,Suburbana,Soltero,1,2,0,1
248,49,6290.607144653965,1653.6362603881869,16.0,3,Independiente,Urbana,Divorciado,1,0,1,0
249,37,9777.851613872532,,50.0,5,Estudiante,Rural,Casado,0,1,0,1
250,49,10298.90021492411,1484.4433482687823,156.0,1,Empleado,Urbana,Soltero,2,0,1,0
251,54,2659.3244033016063,1857.7496449372989,10.0,3,Estudiante,Rural,Casado,1,1,0,0
252,59,8835.782748799553,1512.8675183292573,52.0,0,Empleado,Urbana,Divorciado,2,0,1,0
253,43,9126.37616338935,1101.3994295710581,2.0,7,Desempleado,Suburbana,Casado,0,1,1,0
254,53,6864.74779278831,1060.5343349265047,60.0,4,Desempleado,Suburbana,Soltero,2,2,0,0
255,32,11447.608978492757,1873.0085490617694,75.0,4,Desempleado,Suburbana,Divorciado,0,2,0,0
256,49,2708.2371728719822,2682.077974779696,138.0,1,Desempleado,Suburbana,Soltero,0,2,1,0
257,39,3667.050604106529,1210.9567676532315,112.0,3,Empleado,Rural,Casado,2,0,1,0
258,39,6670.751989564151,1639.9935798749232,99.0,5,Empleado,Rural,Soltero,3,2,0,0
259,22,6709.305558720995,293.563595728437,22.0,1,Desempleado,Suburbana,Soltero,1,0,0,1
260,39,6717.586587905275,2080.516749708562,101.0,1,Independiente,Urbana,Soltero,1,2,1,0
261,20,8179.660074985395,158.54992523836995,167.0,6,Empleado,Urbana,Casado,2,0,1,1
262,54,3860.8677962974307,364.3826830392959,10.0,7,Empleado,Suburbana,Divorciado,0,2,1,0
263,53,6349.532480001124,0.0,111.0,2,Independiente,Urbana,Divorciado,0,2,1,0
264,40,2693.1430692963295,667.8920082790153,49.0,4,Estudiante,Suburbana,Divorciado,1,1,0,0
265,46,1008.0247194231943,1177.7607169127225,93.0,0,Independiente,Urbana,Casado,2,0,0,0
266,28,1000.0,1588.275815634826,176.0,0,Independiente,Rural,Casado,2,2,1,0
267,32,4507.445903327816,700.813434210846,19.0,1,Empleado,Rural,Divorciado,0,2,1,0
268,58,4348.128446076855,1151.691126163695,131.0,3,Empleado,Urbana,Soltero,3,2,1,0
269,25,6982.16545685779,2253.6778188776943,146.0,3,Independiente,Rural,Divorciado,1,0,0,1
270,47,8034.764538037386,2985.350658221293,33.0,4,Empleado,Rural,Casado,0,1,1,0
271,20,7188.243023443623,1312.2520818991463,97.0,1,Empleado,Urbana,Casado,2,1,1,0
272,51,4357.420451670927,860.9608344459751,22.0,7,Desempleado,Urbana,Soltero,1,0,0,0
273,23,6847.595066414804,400.44468657743676,115.0,6,Desempleado,Urbana,Soltero,1,2,0,0
274,24,6072.44034797984,1184.9080833568926,,3,Empleado,Urbana,Casado,3,2,1,0
275,39,3679.7573587442807,359.0477656270547,152.0,2,Estudiante,Rural,Casado,3,0,1,0
276,42,11811.793754329603,82.74306702536705,32.0,5,Desempleado,Suburbana,Divorciado,3,0,1,1
277,26,5330.60358913346,2178.067046525765,122.0,1,Estudiante,Suburbana,Casado,0,2,1,0
278,22,6822.642162320695,821.1715552354713,107.0,2,Desempleado,Rural,Divorciado,0,0,1,0
279,28,2519.6321611366548,1303.8291546076193,119.0,3,Independiente,Suburbana,Soltero,0,0,1,0
280,62,1000.0,1335.893648316695,43.0,7,Empleado,Suburbana,Casado,1,0,0,0
281,26,5587.06646723635,2056.0975428212796,149.0,7,Empleado,Suburbana,Divorciado,3,1,1,0
282,36,2641.650642288918,941.2228801231472,179.0,5,Empleado,Rural,Casado,0,1,0,0
283,52,6592.254117093794,,2.0,1,Desempleado,Urbana,Divorciado,1,0,0,0
284,44,2143.3837577239515,681.998615692894,80.0,0,Independiente,Urbana,Divorciado,1,1,0,0
285,18,8999.778900578485,1407.4611082328925,58.0,2,Desempleado,Urbana,Soltero,0,2,1,0
286,22,1339.7096300569265,1906.5857173418694,131.0,3,Estudiante,Suburbana,Divorciado,3,1,0,0
287,37,1501.8381848680492,,45.0,1,Independiente,Suburbana,Soltero,1,0,1,0
288,37,,2170.964704014989,138.0,7,Desempleado,Rural,Divorciado,0,1,0,1
289,40,1000.0,1769.2720859765582,14.0,2,Empleado,Rural,Divorciado,2,2,1,0
290,53,7654.311600126167,754.387625473496,87.0,5,Empleado,Rural,Casado,1,2,1,0
291,49,,0.0,99.0,3,Independiente,Urbana,Soltero,0,0,0,0
292,45,1000.0,2086.8261760066034,49.0,3,Estudiante,Rural,Casado,3,2,0,0
293,35,4152.761927535078,923.0302147982889,79.0,2,Independiente,Suburbana,Soltero,1,1,0,0
294,18,6086.691009235066,907.254231378502,127.0,2,Independiente,Urbana,Casado,1,2,0,0
295,57,4353.269666157628,1515.5912495280395,151.0,0,Empleado,Rural,Casado,0,0,0,0
296,20,1761.1593558015293,2127.934121488475,15.0,7,Empleado,Suburbana,Soltero,0,2,0,0
297,51,4924.3749378141165,395.47319940730165,26.0,4,Desempleado,Suburbana,Divorciado,1,2,0,0
298,54,2649.4757886941707,1234.1215091642584,163.0,7,Independiente,Suburbana,Soltero,1,2,1,0
299,57,4734.105725554057,0.0,6.0,2,Desempleado,Urbana,Soltero,1,0,0,0
300,35,3995.412236554659,552.640797693747,133.0,4,Independiente,Suburbana,Soltero,1,2,0,0
301,64,8654.641341302175,1304.3619319773939,7.0,2,Empleado,Rural,Soltero,3,2,0,0
302,28,9423.348570926395,632.0206205061937,163.0,7,Desempleado,Suburbana,Divorciado,1,0,0,0
303,40,4772.170278139924,1509.2425801885713,135.0,7,Desempleado,Urbana,Divorciado,2,2,0,0
304,28,7010.331526435085,1776.7928579623724,156.0,7,Estudiante,Suburbana,Divorciado,0,2,0,0
305,53,3280.4761189163105,512.2566904075238,3.0,5,Estudiante,Rural,Divorciado,1,1,1,0
306,55,4611.449321282059,2384.725491268478,33.0,5,Estudiante,Rural,Divorciado,2,1,0,0
307,58,2998.2920414211594,778.4599950746763,164.0,3,Empleado,Urbana,Divorciado,0,1,0,0
308,65,7324.6447860579665,1741.083411799056,110.0,2,Empleado,Rural,Casado,0,2,1,0
309,25,6888.545919544798,1264.6748646234419,105.0,5,Estudiante,Suburbana,Soltero,0,2,1,0
310,51,2837.16594612566,647.3792568782916,,2,Empleado,Urbana,Soltero,0,1,1,0
311,40,8316.225439822376,1818.9098666045934,50.0,5,Desempleado,Rural,Casado,2,1,0,0
312,48,2162.5377305613347,1895.5661037638574,54.0,6,Desempleado,Suburbana,Divorciado,1,1,1,0
313,58,8771.946096910839,1243.064630970937,21.0,5,Empleado,Urbana,Divorciado,1,0,1,0
314,21,6565.702951699017,2009.188148460967,2.0,6,Estudiante,Rural,Casado,3,2,1,0
315,19,3760.7090095939952,3063.6782436971844,75.0,5,Independiente,Urbana,Divorciado,3,1,0,0
316,34,8557.694946616331,1619.2225177627695,96.0,2,Independiente,Urbana,Divorciado,3,0,0,0
317,65,5413.730389538221,1595.821955690998,151.0,3,Desempleado,Suburbana,Soltero,2,1,1,0
318,49,1599.2937533388877,2865.670214327695,123.0,4,Estudiante,Suburbana,Soltero,2,1,1,0
319,33,8322.228933605875,2371.2108774418043,84.0,4,Estudiante,Suburbana,Casado,0,0,1,0
320,41,5576.892909209231,911.7686431362978,148.0,6,Estudiante,Urbana,Casado,0,2,1,0
321,21,,1850.8596870774452,138.0,0,Estudiante,Urbana,Soltero,3,0,0,0
322,29,4218.632300859323,1050.1144534522343,16.0,4,Independiente,Urbana,Casado,3,0,0,0
323,58,6865.997816688125,672.537346530929,17.0,4,Empleado,Urbana,Divorciado,0,0,0,0
324,37,8109.866909957975,1185.8071376881164,176.0,1,Empleado,Suburbana,Soltero,3,1,1,0
325,43,1729.70170426007,663.9978569853376,16.0,5,Desempleado,Rural,Soltero,2,0,1,0
326,59,8770.46362492566,450.39798931009375,137.0,7,Estudiante,Rural,Soltero,2,1,1,1
327,52,7735.193718094047,1297.338749355658,95.0,6,Estudiante,Suburbana,Divorciado,1,1,1,0
328,42,5070.749245677215,3210.0753206266195,75.0,4,Desempleado,Urbana,Divorciado,2,1,1,1
329,23,2289.459392675864,607.8931160081736,53.0,1,Estudiante,Suburbana,Divorciado,1,0,1,0
330,62,5441.42482754148,3132.599513640067,135.0,0,Independiente,Rural,Soltero,0,1,0,0
331,60,5447.24705801923,1419.4023508443615,1.0,6,Estudiante,Suburbana,Casado,3,0,0,1
332,52,4660.411251033411,1486.9028628495228,66.0,2,Desempleado,Suburbana,Casado,3,2,0,0
333,33,4815.456483408845,1756.2580835466042,146.0,6,Estudiante,Rural,Divorciado,0,1,1,0
334,60,7435.468316213736,1012.7158697374407,49.0,5,Estudiante,Urbana,Casado,1,2,1,0
335,37,2686.29990475984,1274.8558776205887,84.0,2,Empleado,Suburbana,Divorciado,0,0,0,1
336,47,9005.304371052916,538.6715249766323,160.0,0,Empleado,Suburbana,Divorciado,0,0,1,0
337,62,6334.792225983252,235.40765598990595,68.0,6,Desempleado,Urbana,Casado,0,1,0,0
338,44,2900.481663808687,2240.2926682423904,55.0,5,Empleado,Suburbana,Divorciado,0,1,0,0
339,51,7228.833456623199,1479.172104030742,149.0,1,Estudiante,Suburbana,Soltero,1,2,0,0
340,29,1000.0,757.6857028506349,154.0,2,Empleado,Urbana,Soltero,0,0,1,0
341,49,7017.035007716718,40.74759366320791,80.0,3,Independiente,Suburbana,Casado,3,1,0,0
342,44,4615.286525228508,1813.3229684954538,157.0,0,Estudiante,Urbana,Divorciado,0,0,1,0
343,19,1722.1532166379852,0.0,13.0,5,Estudiante,Urbana,Casado,0,1,0,0
344,42,1765.4297093895511,1467.5881692892099,27.0,6,Empleado,Suburbana,Divorciado,2,1,0,0
345,42,4107.503677842744,1902.438901170492,81.0,1,Estudiante,Rural,Soltero,2,2,1,0
346,39,5802.545963086537,2704.4277743504317,69.0,4,Empleado,Suburbana,Soltero,3,1,0,0
347,34,2406.2945043766294,1465.4173640872787,116.0,3,Independiente,Suburbana,Soltero,0,2,0,0
348,62,3511.963072438374,1680.1701593184237,76.0,0,Desempleado,Suburbana,Divorciado,0,0,0,0
349,34,5799.8397256821,405.50334094369543,63.0,7,Empleado,Urbana,Divorciado,0,0,0,0
350,42,5107.11938472781,1258.4784617693208,165.0,3,Independiente,Urbana,Casado,3,2,1,0
351,51,4001.7276500119374,1781.7337719868615,4.0,7,Empleado,Rural,Soltero,2,2,1,0
352,57,2922.2684583277132,2872.8068464265307,104.0,3,Desempleado,Urbana,Soltero,2,0,1,0
353,47,7884.225751567137,1478.992895242829,55.0,3,Empleado,Suburbana,Soltero,1,1,1,0
354,51,12613.285686742976,952.560939285388,,6,Estudiante,Urbana,Divorciado,3,2,0,1
355,50,7028.439668910868,1378.1443708793663,64.0,4,Desempleado,Urbana,Soltero,1,2,1,0
356,57,7493.669233019561,2396.8930936532965,170.0,4,Desempleado,Suburbana,Divorciado,0,0,0,0
357,58,6872.373441528398,2033.4351162521593,122.0,4,Empleado,Rural,Divorciado,3,0,0,0
358,63,4124.030024133521,1035.079881228961,93.0,2,Independiente,Urbana,Casado,3,1,0,0
359,50,9595.71890065751,1677.484930823488,23.0,4,Empleado,Urbana,Divorciado,0,0,1,0
360,63,6120.809112145472,597.4046327331862,10.0,5,Estudiante,Urbana,Soltero,1,2,1,0
361,50,7916.490202837376,574.8276632140318,161.0,0,Independiente,Suburbana,Casado,2,1,1,0
362,21,2809.585360574735,1291.940600823137,,7,Estudiante,Rural,Divorciado,3,2,1,0
363,22,1000.0,1688.8613730967797,92.0,4,Desempleado,Urbana,Soltero,1,2,0,0
364,50,6442.360491853221,917.7571530913117,,1,Empleado,Urbana,Soltero,3,0,1,0
365,51,4844.7046035999065,1104.543276266881,31.0,6,Estudiante,Urbana,Casado,3,2,0,1
366,54,3527.181556131646,1347.6581019986345,152.0,6,Independiente,Rural,Casado,2,0,0,0
367,34,4876.512674036212,1289.9617226308949,97.0,3,Independiente,Urbana,Divorciado,0,0,0,0
368,56,5110.678536663142,917.9770620070021,23.0,1,Desempleado,Urbana,Casado,0,1,1,0
369,19,6196.231558594092,1824.8798743452085,35.0,5,Estudiante,Urbana,Soltero,1,2,1,0
370,39,4188.077137080257,1516.3786333167661,148.0,0,Independiente,Suburbana,Casado,0,1,1,0
371,27,6798.5760262854765,172.90889439474358,60.0,5,Independiente,Urbana,Casado,3,0,1,0
372,28,7941.36118788452,2845.161064524791,120.0,4,Estudiante,Urbana,Casado,2,2,0,0
373,64,5279.760773343636,1063.0436730367762,99.0,6,Independiente,Rural,Casado,3,2,1,0
374,28,4967.484596011631,1696.484603839443,131.0,0,Estudiante,Urbana,Soltero,2,2,1,0
375,52,6776.94631662453,0.0,12.0,1,Estudiante,Suburbana,Soltero,2,0,1,0
376,53,3334.6973744145953,1605.8502799133498,92.0,1,Desempleado,Rural,Casado,1,2,0,0
377,49,5137.445575300622,267.10567420838413,95.0,1,Independiente,Urbana,Casado,1,0,1,0
378,47,9250.650450720042,560.2293869936159,153.0,1,Estudiante,Urbana,Casado,2,1,0,0
379,44,5589.44280499232,,142.0,0,Estudiante,Rural,Casado,2,1,0,0
380,28,2803.277997623605,1347.9638417443466,2.0,0,Estudiante,Urbana,Soltero,0,2,1,0
381,19,,825.8591745362978,90.0,2,Desempleado,Suburbana,Casado,3,1,0,0
382,46,4659.519339026294,1680.3896342100907,136.0,4,Independiente,Suburbana,Soltero,1,0,1,0
383,46,1000.0,523.9969198018231,13.0,6,Desempleado,Rural,Casado,2,2,1,0
384,57,,778.6090184079069,137.0,7,Empleado,Suburbana,Casado,0,0,1,0
385,33,4147.427340676371,1921.354036956935,90.0,3,Independiente,Urbana,Casado,2,0,0,0
386,32,3916.6892949057956,2783.3426008910587,169.0,6,Empleado,Urbana,Soltero,2,1,0,0
387,47,1113.7185552777046,0.0,51.0,4,Independiente,Urbana,Soltero,1,1,1,0
388,22,7697.340403671144,412.8389925023614,65.0,2,Estudiante,Urbana,Soltero,2,0,0,0
389,32,3082.316029317514,1987.7866190557415,144.0,4,Empleado,Urbana,Soltero,2,2,0,0
390,51,4256.828534883847,1928.289452691924,117.0,7,Independiente,Urbana,Casado,2,2,0,0
391,36,3973.9701431188514,1490.025217580245,142.0,5,Desempleado,Rural,Soltero,0,0,1,0
392,45,4221.443800053948,464.1501793037693,52.0,0,Desempleado,Urbana,Soltero,0,0,1,0
393,58,9826.503393836794,2093.1697410878605,177.0,5,Estudiante,Urbana,Soltero,2,0,1,1
394,53,3683.3982926683,1057.283170548449,87.0,5,Empleado,Suburbana,Casado,3,2,1,0
395,21,9190.566996028201,409.4236679507825,159.0,5,Independiente,Urbana,Divorciado,0,0,1,0
396,20,3164.729907979779,1576.0483778438836,18.0,1,Desempleado,Suburbana,Casado,1,1,0,0
397,36,11176.236400653052,1243.0652414939595,1.0,1,Desempleado,Suburbana,Divorciado,0,1,1,0
398,45,8124.528098716752,386.04819496906566,146.0,6,Estudiante,Suburbana,Soltero,1,1,1,0
399,18,6402.630854840084,912.3082305187511,111.0,1,Independiente,Rural,Soltero,2,0,1,0
400,51,10166.562696566873,2478.9526755305046,,4,Independiente,Suburbana,Casado,0,1,0,0
401,31,11198.541842128405,643.6085687220735,11.0,3,Empleado,Rural,Divorciado,3,2,1,0
402,64,5588.745518514854,1500.1335394592488,82.0,7,Estudiante,Rural,Soltero,0,0,0,0
403,31,3858.830909185289,1304.8441597819224,,6,Estudiante,Suburbana,Divorciado,1,1,1,0
404,61,7772.445090897074,759.7075778147967,56.0,7,Desempleado,Rural,Soltero,1,2,0,0
405,58,3741.608850657436,584.2753790641067,16.0,1,Estudiante,Rural,Soltero,3,0,1,0
406,60,2140.7440380282806,1883.1942936748142,133.0,6,Estudiante,Rural,Divorciado,3,0,0,0
407,46,3735.829160685299,551.1141358009598,125.0,5,Desempleado,Rural,Divorciado,3,1,1,0
408,25,,1191.5071832939886,,0,Empleado,Urbana,Soltero,3,1,0,0
409,31,4186.174099737258,,126.0,5,Estudiante,Urbana,Soltero,3,2,0,0
410,30,4086.3846702314418,0.0,95.0,7,Empleado,Urbana,Casado,2,2,1,1
411,56,8833.107471764533,537.4436194485372,70.0,2,Independiente,Rural,Soltero,1,2,1,0
412,64,3702.6145528618376,628.3703512175605,106.0,7,Desempleado,Urbana,Soltero,2,1,1,0
413,25,5649.00247243659,980.6060342349675,,3,Independiente,Rural,Casado,0,0,0,0
414,40,7970.177782145347,2516.0911940083233,69.0,3,Estudiante,Urbana,Casado,1,1,0,0
415,42,3802.0013039190817,449.5940607745996,49.0,0,Empleado,Suburbana,Divorciado,0,0,1,0
416,32,4195.246563282074,1551.2466330562424,46.0,2,Estudiante,Suburbana,Divorciado,2,0,1,0
417,30,5209.097578093546,799.6707918323887,26.0,4,Empleado,Urbana,Divorciado,3,2,0,0
418,54,2257.4737580838423,0.0,135.0,1,Empleado,Rural,Divorciado,0,0,0,0
419,28,2988.2061119964183,2211.5326894815034,119.0,6,Empleado,Suburbana,Divorciado,1,0,0,0
420,61,,1046.7717418099733,12.0,2,Independiente,Suburbana,Divorciado,3,0,1,0
421,51,7324.466991393474,169.69347591886458,147.0,7,Desempleado,Urbana,Soltero,0,0,0,0
422,23,5641.875128889055,0.0,66.0,3,Independiente,Suburbana,Divorciado,3,0,0,0
423,63,6365.047565383706,1407.6121408363429,112.0,0,Independiente,Suburbana,Soltero,3,2,1,0
424,51,6208.270557971621,2134.094463967861,50.0,1,Independiente,Rural,Casado,0,0,0,0
425,44,7439.986991322776,,85.0,6,Desempleado,Urbana,Divorciado,0,1,1,0
426,21,8456.798319701695,1032.438441345069,42.0,1,Empleado,Rural,Divorciado,1,2,1,0
427,43,1000.0,1112.9955000737561,22.0,0,Desempleado,Rural,Soltero,3,0,0,1
428,56,7117.8227253558625,388.9184824432382,150.0,6,Independiente,Suburbana,Soltero,0,1,0,0
429,26,8832.145609267973,461.3467526782698,158.0,6,Independiente,Suburbana,Divorciado,1,2,0,0
430,65,4297.270106160948,668.2099714071447,84.0,4,Independiente,Urbana,Casado,3,2,1,0
431,49,1227.5594720504778,405.49310182370823,,4,Estudiante,Suburbana,Divorciado,3,0,0,0
432,31,3720.3517387355755,1095.9155729228933,97.0,1,Estudiante,Rural,Divorciado,1,2,0,0
433,32,1000.0,1773.2424186878627,68.0,0,Independiente,Urbana,Casado,2,0,1,0
434,63,7266.684253609178,2145.168996471502,121.0,1,Empleado,Suburbana,Soltero,2,1,1,0
435,57,1770.8613047914969,965.7348641345313,83.0,6,Desempleado,Rural,Soltero,0,2,0,0
436,38,7853.589050373897,2021.9966541823007,22.0,0,Estudiante,Suburbana,Casado,1,1,0,0
437,35,,1282.1719796577681,94.0,5,Independiente,Rural,Divorciado,2,1,0,0
438,35,5360.065355145366,,124.0,7,Desempleado,Urbana,Divorciado,3,0,1,1
439,35,8162.190485568275,831.7486066671622,175.0,1,Estudiante,Suburbana,Soltero,1,0,1,0
440,27,5584.852443589325,1173.736458204818,116.0,2,Estudiante,Rural,Casado,0,0,0,0
441,26,1000.0,550.8354207706267,45.0,2,Estudiante,Urbana,Soltero,2,0,1,0
442,62,,1161.1313577750532,37.0,3,Empleado,Rural,Soltero,2,1,1,0
443,41,6654.557439591024,1827.0775522491076,82.0,5,Desempleado,Suburbana,Soltero,1,1,1,0
444,30,3441.8985483937977,787.8797754833558,64.0,4,Estudiante,Urbana,Casado,2,1,1,0
445,43,5147.032186103,1818.7991636353256,122.0,2,Empleado,Suburbana,Divorciado,3,0,1,0
446,37,4914.7549044826,,158.0,7,Empleado,Urbana,Soltero,3,2,1,0
447,19,5004.542821637331,,137.0,4,Independiente,Suburbana,Divorciado,2,1,1,0
448,45,8892.548557045744,1424.4607393478188,67.0,3,Desempleado,Rural,Soltero,0,1,1,0
449,19,1785.0083090017542,874.903403347949,78.0,0,Desempleado,Suburbana,Divorciado,3,1,0,0
450,25,6687.642869223006,1892.9718065258166,159.0,7,Independiente,Suburbana,Soltero,1,0,1,0
451,21,6767.678968057861,998.7139695614462,119.0,6,Independiente,Rural,Divorciado,3,1,1,0
452,36,7646.2885744390005,687.5479259239473,67.0,6,Estudiante,Rural,Divorciado,1,2,0,0
453,62,5961.622682185344,1799.8299295253876,86.0,2,Independiente,Suburbana,Casado,0,1,0,0
454,64,6941.589517508915,1679.2759761802185,123.0,7,Desempleado,Urbana,Soltero,3,2,0,0
455,42,6934.787484050429,361.0448981658957,84.0,1,Desempleado,Rural,Divorciado,2,2,0,0
456,18,,472.6036332463532,141.0,4,Independiente,Rural,Divorciado,1,0,0,0
457,40,4776.314859117501,,98.0,3,Estudiante,Rural,Divorciado,3,2,0,0
458,49,6362.416765879885,0.0,146.0,3,Independiente,Suburbana,Soltero,3,2,0,0
459,40,7043.202981521163,1212.278230255225,21.0,3,Independiente,Urbana,Soltero,3,2,1,0
460,56,10255.399110193834,1036.3198783830308,103.0,6,Estudiante,Rural,Divorciado,1,1,1,0
461,32,4987.758257011711,1746.025826023526,84.0,3,Empleado,Urbana,Casado,1,2,1,0
462,24,5133.768213553898,1419.8662458399378,28.0,6,Independiente,Rural,Casado,1,2,1,0
463,28,7986.00010522145,985.9881298872962,141.0,0,Independiente,Suburbana,Divorciado,0,2,0,0
464,57,8488.150422578668,0.0,152.0,1,Desempleado,Suburbana,Soltero,0,1,0,0
465,38,9508.69969088706,0.0,64.0,4,Empleado,Rural,Casado,0,1,1,0
466,52,8880.468279243796,0.0,123.0,0,Independiente,Suburbana,Divorciado,3,1,0,1
467,51,,1328.7009708639127,2.0,5,Empleado,Suburbana,Casado,2,0,0,0
468,32,3137.789418540372,2692.095813484112,140.0,2,Desempleado,Urbana,Casado,1,1,0,0
469,30,2777.824819018395,1018.1168964107628,62.0,6,Desempleado,Rural,Divorciado,3,2,0,0
470,39,12011.780727448393,1516.4305236087275,111.0,1,Independiente,Rural,Casado,0,1,0,0
471,42,1000.0,981.3662261016109,45.0,4,Independiente,Urbana,Casado,1,1,0,0
472,35,4595.601343727353,1350.8135012513358,81.0,2,Estudiante,Urbana,Divorciado,0,2,1,0
473,24,5388.892570346776,1636.6803982668748,133.0,2,Desempleado,Suburbana,Divorciado,0,0,0,0
474,57,1679.8643730201643,761.6775678515974,166.0,1,Desempleado,Rural,Casado,1,2,1,0
475,24,,590.2865540507388,97.0,2,Desempleado,Rural,Divorciado,3,2,1,0
476,20,8239.858958644867,606.2905259721907,68.0,6,Estudiante,Rural,Casado,0,0,1,0
477,58,5858.322723341646,1116.0344279126211,138.0,5,Independiente,Suburbana,Divorciado,2,2,1,0
478,40,2963.297816081692,1248.3927961692602,1.0,5,Estudiante,Urbana,Soltero,0,2,1,1
479,36,2220.1696127898026,845.1110185803184,142.0,4,Desempleado,Rural,Soltero,3,1,1,0
480,61,5575.685386238263,58.12944874131426,54.0,3,Estudiante,Rural,Soltero,1,2,0,0
481,60,7058.7541023013055,1408.299734807569,164.0,1,Empleado,Rural,Casado,0,2,0,0
482,37,6830.0019407218115,1201.9752609120426,172.0,5,Estudiante,Rural,Soltero,0,1,1,0
483,55,2623.29104677056,1199.941718470019,21.0,0,Estudiante,Urbana,Soltero,2,0,0,0
484,41,7057.74270912356,247.752968426988,135.0,0,Empleado,Urbana,Soltero,0,2,1,0
485,63,2722.934958530137,1003.1324912391124,11.0,0,Independiente,Urbana,Divorciado,1,1,1,0
486,43,4571.676162419183,1187.0689323049871,86.0,2,Empleado,Suburbana,Casado,3,1,1,0
487,37,4770.755135740133,1327.99963663775,144.0,4,Independiente,Suburbana,Divorciado,1,2,1,0
488,42,8554.545048623395,1630.710710877886,167.0,6,Independiente,Urbana,Soltero,3,1,0,0
489,39,5640.3791358410435,314.6307624433822,68.0,5,Empleado,Suburbana,Soltero,1,1,0,0
490,55,3695.0335305611516,1873.3873432374758,133.0,3,Independiente,Rural,Casado,1,1,1,0
491,52,4328.786515354207,425.79829720502994,,7,Desempleado,Rural,Soltero,3,1,1,0
492,60,10745.082796946985,2419.5674991413407,18.0,4,Desempleado,Urbana,Soltero,0,0,1,0
493,65,5188.866452167862,333.8683987450088,64.0,1,Independiente,Urbana,Soltero,0,0,0,0
494,49,7308.397118182368,,42.0,2,Desempleado,Suburbana,Divorciado,2,0,0,0
495,35,7721.33190703012,808.7572713898983,30.0,6,Empleado,Suburbana,Soltero,2,0,0,0
496,49,9613.48891973814,785.0066948833219,124.0,1,Desempleado,Rural,Divorciado,2,0,0,0
497,58,11411.833711508998,1356.0462279037454,142.0,7,Desempleado,Urbana,Divorciado,3,2,0,0
498,45,8960.7640851361,767.9197127921061,40.0,6,Estudiante,Suburbana,Divorciado,2,0,1,0
499,39,2221.6243699795473,0.0,136.0,0,Estudiante,Suburbana,Casado,2,1,0,1
500,53,8691.50959520008,1254.4111279808328,121.0,6,Desempleado,Rural,Soltero,2,2,0,1
501,29,2381.06137369573,2254.5624408686845,30.0,6,Estudiante,Suburbana,Casado,0,2,0,0
502,40,8389.985041902068,2305.908672296428,43.0,2,Empleado,Suburbana,Divorciado,2,2,0,0
503,35,2150.5349288928523,2197.1290408366026,132.0,3,Independiente,Urbana,Casado,0,2,0,0
504,49,6460.104939188856,2342.0984298460617,96.0,5,Estudiante,Suburbana,Divorciado,0,0,1,0
505,58,6856.827911360955,1338.4124502781103,75.0,5,Estudiante,Suburbana,Divorciado,3,0,0,0
506,43,8649.963086155547,1881.519550547453,136.0,3,Estudiante,Rural,Soltero,3,1,0,0
507,27,8204.413996932582,,159.0,2,Independiente,Urbana,Casado,3,2,0,0
508,22,5068.976565013803,0.0,44.0,4,Desempleado,Urbana,Casado,3,1,0,0
509,50,4099.689827333513,1832.3148309111757,19.0,4,Estudiante,Urbana,Casado,2,1,1,0
510,19,6910.4695439959705,416.374312055755,53.0,5,Empleado,Rural,Divorciado,0,0,1,0
511,27,8705.863550587732,3578.460228296228,77.0,3,Independiente,Urbana,Casado,1,1,1,0
512,34,3243.18886355339,1035.2945583649034,,1,Independiente,Suburbana,Casado,3,2,1,0
513,54,3946.0114361214355,1124.09139504554,126.0,3,Empleado,Urbana,Divorciado,2,0,0,1
514,50,6184.765001204558,642.1336491299791,156.0,0,Estudiante,Urbana,Divorciado,2,0,0,0
515,60,4807.700514820416,1269.794558874221,170.0,2,Estudiante,Urbana,Casado,0,1,1,0
516,53,6679.004915018882,2373.1943239882717,65.0,4,Independiente,Suburbana,Casado,3,1,1,0
517,50,5463.802853338125,,65.0,5,Independiente,Rural,Casado,3,1,1,0
518,20,7240.847869247193,1520.138303178247,11.0,1,Estudiante,Suburbana,Casado,0,0,1,0
519,24,5017.931010438177,1588.0133798614615,106.0,6,Desempleado,Suburbana,Divorciado,1,1,0,1
520,36,4542.12855318539,775.6927847564538,140.0,7,Empleado,Suburbana,Soltero,3,2,0,0
521,52,1000.0,937.6615140835377,162.0,5,Desempleado,Suburbana,Casado,0,1,0,0
522,43,1093.6925478736512,,80.0,7,Empleado,Suburbana,Soltero,2,0,1,0
523,57,6948.701841493305,0.0,24.0,6,Estudiante,Rural,Soltero,1,2,1,0
524,49,5025.387639584085,1252.3789342138393,156.0,1,Independiente,Suburbana,Casado,2,2,1,0
525,31,4903.514489171916,814.932138207605,133.0,2,Independiente,Rural,Divorciado,1,0,0,0
526,47,6313.472033881597,1571.2793604532826,174.0,3,Empleado,Urbana,Soltero,0,2,0,0
527,61,5503.815321349073,859.3912657576576,52.0,7,Empleado,Rural,Divorciado,1,0,1,0
528,56,7661.839832625271,,125.0,7,Desempleado,Suburbana,Divorciado,2,2,0,0
529,20,7218.446396188052,1535.7555130573246,9.0,2,Independiente,Suburbana,Divorciado,0,0,1,0
530,19,,1192.0836034186846,69.0,4,Desempleado,Urbana,Divorciado,3,1,1,1
531,25,1000.0,2309.8818896093826,143.0,6,Empleado,Suburbana,Casado,2,0,0,0
532,44,7596.677622212978,430.88785928455536,180.0,3,Estudiante,Rural,Soltero,2,2,1,0
533,45,7397.024212539054,1351.0717596188963,82.0,1,Estudiante,Urbana,Soltero,3,1,0,0
534,30,4042.4949263588737,2153.434973911638,53.0,1,Desempleado,Suburbana,Soltero,2,2,1,0
535,63,4422.901852897827,2284.9012796769766,20.0,1,Independiente,Urbana,Divorciado,1,2,0,0
536,36,6835.700912375319,1965.246981139483,145.0,5,Independiente,Suburbana,Divorciado,0,2,0,0
537,51,6947.713432683619,1626.1846302076335,63.0,7,Desempleado,Suburbana,Soltero,2,2,0,0
538,55,6038.076079116083,618.5448423557848,166.0,1,Empleado,Suburbana,Soltero,3,0,0,0
539,26,5656.31430586202,1933.112675232934,176.0,1,Desempleado,Suburbana,Casado,3,2,0,0
540,53,7298.1492789640415,1601.0027718882382,37.0,6,Empleado,Urbana,Divorciado,0,1,1,0
541,63,1000.0,1029.4207048741937,158.0,7,Estudiante,Suburbana,Divorciado,1,0,0,0
542,51,4704.276946625492,317.39394555070976,54.0,6,Empleado,Rural,Divorciado,3,2,1,0
543,39,7759.3940528431685,0.0,63.0,7,Empleado,Rural,Casado,0,1,0,0
544,55,7591.589369753281,2263.390599522583,114.0,2,Estudiante,Urbana,Soltero,1,2,0,0
545,62,4975.395654327828,1140.528844817855,141.0,4,Desempleado,Rural,Divorciado,0,1,1,0
546,35,7918.898089233346,589.0762772605344,49.0,3,Desempleado,Urbana,Casado,0,0,0,0
547,42,7151.9411919311415,,40.0,0,Estudiante,Rural,Divorciado,0,0,0,0
548,19,2456.3952359515824,1436.7925813198958,96.0,0,Empleado,Suburbana,Divorciado,0,0,0,0
549,40,5433.28254676366,0.0,92.0,2,Independiente,Rural,Soltero,3,1,1,0
550,57,9038.277381049056,868.2263692930851,84.0,5,Empleado,Rural,Soltero,1,1,1,0
551,26,6776.699798397631,2484.1466010665204,37.0,2,Estudiante,Rural,Soltero,0,0,1,0
552,44,6119.010940698406,2218.6336526936725,82.0,2,Desempleado,Urbana,Casado,1,1,1,0
553,20,3342.364884137544,2336.7882830640383,24.0,6,Desempleado,Suburbana,Divorciado,2,1,0,0
554,42,3435.338760042192,743.0868098974552,86.0,0,Estudiante,Rural,Casado,2,2,0,0
555,34,,1414.7396439327533,72.0,2,Desempleado,Urbana,Soltero,3,2,0,0
556,63,7077.318785857315,,5.0,7,Independiente,Rural,Soltero,1,0,0,0
557,52,1921.0343507115376,1499.980997170425,39.0,3,Desempleado,Suburbana,Soltero,1,2,1,1
558,37,6529.955920021772,1691.8173676607425,97.0,4,Estudiante,Rural,Casado,2,2,0,0
559,42,3568.178033578747,0.0,95.0,1,Desempleado,Urbana,Divorciado,3,1,0,0
560,52,7266.197260008452,1083.3362920776474,172.0,3,Independiente,Urbana,Casado,2,1,1,0
561,50,6200.60276427422,1124.3143705681382,154.0,1,Empleado,Urbana,Divorciado,2,0,0,0
562,34,6086.255617567197,1789.6954353514043,11.0,6,Empleado,Suburbana,Soltero,1,0,0,0
563,57,,2112.816220991424,43.0,4,Estudiante,Rural,Soltero,3,0,1,0
564,43,5044.643760823948,,10.0,1,Independiente,Urbana,Soltero,1,1,0,1
565,55,4351.3614615370425,654.7217499300702,26.0,0,Independiente,Urbana,Casado,0,1,1,0
566,58,5129.151480522706,1599.989632745474,52.0,1,Desempleado,Urbana,Divorciado,0,2,1,0
567,58,4814.118620842388,1658.0106301004184,66.0,2,Empleado,Rural,Divorciado,2,2,0,0
568,58,4532.185237351122,1227.9137744088828,76.0,2,Empleado,Suburbana,Soltero,2,1,0,0
569,32,11091.38237261176,1485.8134908260447,175.0,0,Independiente,Suburbana,Casado,2,0,0,0
570,18,6593.74056731494,21.94401024881813,84.0,5,Estudiante,Suburbana,Divorciado,3,0,0,0
571,47,8885.7188083625,2053.1720682586138,128.0,7,Empleado,Rural,Divorciado,2,0,1,0
572,44,3713.8772267705035,2037.3807474973894,138.0,7,Estudiante,Rural,Soltero,1,1,1,0
573,34,6324.503068350052,1237.1327188852572,131.0,0,Desempleado,Suburbana,Casado,2,0,1,0
574,46,8727.389115687498,790.1611415434161,45.0,3,Empleado,Rural,Soltero,3,2,1,0
575,22,3694.112360800374,1366.0506562696044,150.0,1,Estudiante,Rural,Casado,2,2,0,0
576,51,6820.572036344076,1973.0527093550686,162.0,4,Desempleado,Urbana,Casado,3,1,0,0
577,65,5122.617620633488,520.183106727481,6.0,7,Empleado,Suburbana,Casado,3,2,1,0
578,37,11821.41929491232,,41.0,6,Desempleado,Suburbana,Soltero,1,1,0,0
579,54,5637.795308223823,,63.0,7,Independiente,Urbana,Soltero,0,1,1,0
580,46,8377.806537594588,746.2718570018258,,5,Desempleado,Rural,Soltero,3,0,0,0
581,53,1000.0,727.7878612298632,170.0,3,Empleado,Urbana,Divorciado,2,1,1,0
582,56,7653.306275534713,1709.9971851961905,20.0,6,Desempleado,Suburbana,Divorciado,3,2,0,0
583,48,7175.305897220188,1769.3312688594988,113.0,3,Empleado,Urbana,Soltero,1,2,0,0
584,20,,579.2892437641669,79.0,3,Empleado,Suburbana,Divorciado,3,2,0,1
585,37,2505.255010680991,1496.3841962110046,125.0,3,Independiente,Rural,Divorciado,2,0,0,0
586,41,2878.6882760795256,191.2677204119957,50.0,0,Desempleado,Suburbana,Soltero,2,2,1,1
587,32,8559.89977476784,1400.2878536606504,20.0,0,Desempleado,Rural,Casado,2,1,0,0
588,24,5571.232872612716,1239.4191974122523,84.0,0,Independiente,Urbana,Soltero,3,0,1,0
589,63,5234.652475438336,2173.792516261259,66.0,0,Estudiante,Rural,Divorciado,0,2,0,0
590,60,1713.4602370105408,0.0,155.0,0,Desempleado,Suburbana,Soltero,0,1,0,0
591,47,3159.046203530228,1431.3293181919619,115.0,6,Empleado,Suburbana,Divorciado,1,2,1,0
592,21,10013.35934969622,1895.2671932042183,14.0,4,Desempleado,Rural,Soltero,0,1,0,0
593,62,6981.106785560243,1136.1064549723794,116.0,1,Independiente,Rural,Divorciado,3,2,1,0
594,45,2168.6752150101743,1611.9918592697313,76.0,0,Desempleado,Suburbana,Soltero,2,2,1,0
595,25,10564.91766458783,1007.9538755931769,64.0,7,Desempleado,Rural,Soltero,2,1,0,0
596,62,4098.316588115167,1011.8054428877654,128.0,2,Desempleado,Urbana,Casado,0,2,0,0
597,31,6999.377846231049,1289.3841482015457,166.0,5,Desempleado,Rural,Soltero,3,1,1,0
598,58,7775.035277786803,1173.2393006001398,108.0,1,Independiente,Urbana,Casado,3,2,0,1
599,52,4897.470925885548,1383.2047839633965,104.0,1,Estudiante,Rural,Soltero,1,1,0,0
600,46,4150.8695579233045,2592.6119531557106,137.0,4,Estudiante,Suburbana,Divorciado,2,1,0,0
601,52,7557.785995291537,320.24113007547066,89.0,5,Empleado,Urbana,Soltero,1,1,0,0
602,23,3635.6020711646543,,76.0,6,Estudiante,Urbana,Soltero,2,1,0,0
603,62,5958.293864991035,1442.0093674784591,76.0,6,Empleado,Rural,Soltero,2,0,1,0
604,54,5019.681323459645,1564.1384292203468,21.0,3,Empleado,Urbana,Divorciado,2,0,1,0
605,55,5078.4853287407295,1650.7036347276726,54.0,3,Independiente,Urbana,Casado,2,1,1,0
606,55,7432.570578127245,2485.3922693105283,178.0,7,Estudiante,Rural,Casado,2,1,1,0
607,22,4213.2518926350995,1191.1050945395675,174.0,2,Independiente,Suburbana,Soltero,2,2,0,0
608,33,2452.5464727595827,2661.0091336312744,160.0,6,Empleado,Rural,Casado,1,0,1,0
609,38,1000.0,2546.2955108254473,46.0,4,Empleado,Suburbana,Casado,3,0,1,0
610,34,5733.673955727853,1534.7423443893172,161.0,5,Independiente,Rural,Soltero,2,2,1,0
611,58,5085.827265675872,,98.0,2,Independiente,Rural,Casado,3,1,1,0
612,48,,0.0,,3,Independiente,Rural,Soltero,3,2,0,0
613,64,3869.684407265243,523.9541729530733,149.0,2,Empleado,Suburbana,Casado,3,2,0,0
614,18,6618.511958839543,1203.492958723082,119.0,5,Desempleado,Urbana,Soltero,0,0,1,0
615,64,7045.23960107202,1331.8200033450848,104.0,5,Desempleado,Rural,Divorciado,3,0,1,0
616,64,8146.47208953999,607.780567192997,73.0,6,Empleado,Rural,Divorciado,0,1,1,0
617,42,5645.389449625594,2087.490731202011,79.0,6,Estudiante,Urbana,Soltero,3,2,0,0
618,43,7773.315120051682,16.284354839929847,78.0,1,Estudiante,Suburbana,Soltero,0,0,0,0
619,23,2947.223027538197,1134.5672490361728,68.0,0,Estudiante,Urbana,Divorciado,1,1,1,0
620,57,4912.908318146808,1147.658617158468,178.0,0,Desempleado,Suburbana,Casado,2,1,0,1
621,27,,1431.5064040016573,74.0,5,Empleado,Rural,Soltero,2,1,0,0
622,34,6369.227257548075,1736.4908548827402,2.0,0,Estudiante,Suburbana,Casado,1,0,0,0
623,46,8185.435512863896,0.0,57.0,2,Empleado,Urbana,Casado,1,1,1,0
624,27,4533.433879404867,493.62577019223954,,4,Estudiante,Rural,Casado,0,2,0,0
625,47,6688.290339737132,830.3168355322756,127.0,4,Independiente,Suburbana,Casado,2,2,1,0
626,26,5689.654042287805,,128.0,5,Empleado,Urbana,Casado,1,2,0,0
627,19,3992.5351530546004,1490.252538169775,13.0,5,Empleado,Urbana,Soltero,1,0,0,0
628,32,9384.56955790107,,148.0,4,Desempleado,Rural,Divorciado,2,2,1,0
629,53,1535.5566083000554,966.6026389791191,111.0,6,Desempleado,Urbana,Casado,3,0,0,0
630,26,6389.540838192491,1642.2270849775437,36.0,1,Empleado,Rural,Soltero,0,0,0,0
631,48,4869.127404281884,688.1688872083735,8.0,5,Empleado,Rural,Casado,0,1,1,0
632,43,5669.407337122421,330.4922368840446,,2,Empleado,Urbana,Divorciado,3,0,0,0
633,34,8249.335665111295,2694.9447791585344,,4,Estudiante,Urbana,Divorciado,2,2,1,0
634,42,6486.7349211253095,1014.049157176709,149.0,4,Estudiante,Urbana,Soltero,1,1,1,0
635,32,7852.252499784116,1817.543379486939,124.0,4,Independiente,Rural,Soltero,3,2,0,0
636,21,4811.148134736439,1161.7251445201973,44.0,1,Empleado,Rural,Divorciado,1,2,1,0
637,44,3976.164152179759,1331.747859948776,38.0,7,Estudiante,Rural,Soltero,3,0,1,0
638,33,6247.2728501131205,575.8938765834433,144.0,0,Desempleado,Suburbana,Soltero,3,2,1,0
639,58,2813.3091459302577,139.18767037274733,45.0,4,Independiente,Suburbana,Divorciado,1,0,1,0
640,63,6541.336656530107,1190.8139443039152,46.0,2,Empleado,Rural,Casado,1,1,0,0
641,20,5291.064632862933,1571.6207378754664,44.0,3,Independiente,Urbana,Divorciado,2,1,0,0
642,19,3247.595060779058,343.7978118630456,82.0,4,Empleado,Suburbana,Soltero,1,1,0,0
643,63,6102.704797422146,0.0,73.0,4,Empleado,Urbana,Casado,3,0,1,0
644,49,4852.538672664439,3173.157098062303,52.0,4,Independiente,Urbana,Divorciado,2,2,1,1
645,23,2128.656342868689,856.2061120554213,174.0,3,Estudiante,Suburbana,Soltero,0,0,0,0
646,45,1000.0,1013.0175534222844,6.0,1,Empleado,Rural,Casado,3,1,0,0
647,62,10416.341070663275,1573.5339494323202,175.0,7,Desempleado,Urbana,Casado,3,2,0,0
648,30,3965.5517271975623,2945.128516216879,26.0,3,Independiente,Rural,Divorciado,3,0,1,1
649,18,1144.1184762039748,,161.0,0,Estudiante,Suburbana,Soltero,0,2,1,0
650,41,5662.281967732342,1002.3802552716668,125.0,6,Empleado,Suburbana,Soltero,1,2,1,0
651,34,7517.728684322113,254.4164733797595,143.0,4,Desempleado,Rural,Soltero,2,2,0,0
652,47,6281.556584680822,1348.526658211613,120.0,6,Estudiante,Rural,Soltero,3,1,0,0
653,20,3322.468342215717,2759.9964643338544,69.0,5,Independiente,Urbana,Casado,2,2,1,0
654,31,5045.406841595902,1089.0797022442337,150.0,5,Empleado,Suburbana,Soltero,1,1,0,0
655,29,2930.807061760645,1069.3276391068944,96.0,5,Estudiante,Rural,Casado,3,2,1,0
656,41,11336.886517047462,997.8305120227319,39.0,1,Desempleado,Rural,Divorciado,1,1,1,0
657,33,6796.754857534108,1960.43818559481,28.0,1,Desempleado,Urbana,Divorciado,3,2,0,0
658,38,5046.49422214976,872.32775817296,58.0,4,Desempleado,Suburbana,Divorciado,2,2,0,0
659,39,6680.659703065432,1006.9933048924797,111.0,5,Desempleado,Suburbana,Casado,1,1,0,0
660,37,4670.387318034339,1951.91191540757,15.0,2,Empleado,Urbana,Casado,0,0,0,0
661,51,5326.442282717375,2170.591870611792,174.0,6,Empleado,Suburbana,Soltero,3,1,0,0
662,42,5270.183279392195,146.24355331784773,55.0,0,Empleado,Rural,Divorciado,0,0,1,0
663,31,1000.0,0.0,53.0,3,Desempleado,Suburbana,Divorciado,0,2,1,0
664,18,,,71.0,6,Estudiante,Urbana,Soltero,2,1,1,0
665,54,3071.6682669646534,0.0,168.0,0,Estudiante,Suburbana,Casado,2,2,0,1
666,48,5172.7357788126565,334.53754629531625,7.0,6,Estudiante,Rural,Soltero,1,2,1,0
667,20,6657.747844809913,,128.0,6,Independiente,Urbana,Divorciado,1,1,1,0
668,63,6860.215705457949,0.0,143.0,0,Independiente,Rural,Casado,3,2,0,1
669,51,5613.522815949704,1102.8780799455524,98.0,1,Desempleado,Suburbana,Casado,2,0,1,0
670,32,2445.88930055551,0.0,147.0,6,Empleado,Rural,Divorciado,0,2,1,0
671,29,5228.287697156435,2051.292843004964,6.0,2,Empleado,Urbana,Divorciado,2,1,1,0
672,46,1000.0,533.9833016768026,37.0,2,Desempleado,Suburbana,Casado,1,1,1,0
673,58,5828.837782465407,2099.935995354905,58.0,4,Desempleado,Suburbana,Casado,3,0,1,0
674,61,4719.071214546706,2744.8023584246266,32.0,0,Estudiante,Urbana,Divorciado,2,2,0,0
675,47,1011.7336517994572,0.0,136.0,6,Estudiante,Suburbana,Casado,1,2,1,1
676,46,8044.287624309222,0.0,29.0,3,Independiente,Suburbana,Casado,2,2,0,0
677,46,6653.830840751623,964.3740492049504,38.0,7,Desempleado,Urbana,Soltero,0,0,1,0
678,52,3247.498493900005,858.6662332249025,146.0,2,Empleado,Rural,Casado,3,1,1,0
679,20,2277.320265926403,945.332755666979,68.0,3,Empleado,Rural,Soltero,1,0,0,1
680,57,5543.548335887146,867.0224188430907,91.0,3,Independiente,Suburbana,Divorciado,1,1,0,0
681,55,4037.6592945468246,1403.3095960324392,90.0,7,Estudiante,Urbana,Casado,1,2,0,0
682,44,9648.929489487075,987.0372784140834,34.0,5,Independiente,Rural,Divorciado,0,2,0,0
683,41,7549.976262510545,427.0584015957253,42.0,5,Empleado,Suburbana,Divorciado,3,1,1,0
684,52,2164.7967479378167,1562.6523098512193,145.0,1,Independiente,Suburbana,Divorciado,1,0,0,0
685,50,4916.163641041625,2103.597873314466,41.0,6,Desempleado,Suburbana,Divorciado,0,0,0,1
686,35,8813.558789234401,,47.0,1,Independiente,Rural,Divorciado,2,1,1,0
687,18,7543.395826000459,0.0,63.0,0,Independiente,Urbana,Divorciado,0,1,0,0
688,61,6611.306248917572,1890.3038635720036,21.0,6,Estudiante,Urbana,Soltero,1,1,1,0
689,65,2320.543494595642,1207.018009271829,163.0,3,Empleado,Urbana,Divorciado,1,0,0,0
690,59,2893.179464144409,2022.0084758407024,152.0,4,Estudiante,Urbana,Soltero,0,1,1,0
691,55,3110.0048373087557,565.7103144506824,14.0,2,Empleado,Urbana,Casado,0,0,0,0
692,29,,2999.5281775202193,114.0,4,Estudiante,Suburbana,Divorciado,2,0,1,0
693,33,8011.6806751904915,2490.0830871311073,85.0,5,Desempleado,Suburbana,Divorciado,1,1,1,0
694,51,1000.0,184.5642030619466,166.0,3,Desempleado,Suburbana,Soltero,3,2,1,0
695,42,8846.449109294243,0.0,149.0,0,Estudiante,Suburbana,Divorciado,0,1,1,0
696,38,3820.789572875835,2844.2730725022852,79.0,0,Empleado,Suburbana,Soltero,2,0,0,0
697,26,3091.338174238275,0.0,131.0,5,Estudiante,Rural,Divorciado,3,2,1,0
698,32,5618.686260940821,0.0,94.0,5,Estudiante,Suburbana,Soltero,0,2,0,0
699,30,8593.12518243229,484.1130004082445,96.0,4,Desempleado,Rural,Divorciado,2,0,1,1
700,33,,1223.5058821312014,7.0,7,Empleado,Suburbana,Divorciado,0,1,0,0
701,38,4488.90536881136,1401.8793549446561,180.0,7,Desempleado,Rural,Soltero,3,2,0,0
702,47,6803.761123506751,1026.1698052184845,96.0,3,Empleado,Rural,Casado,1,2,1,0
703,33,2596.3784750349214,1784.4066280518118,106.0,2,Desempleado,Urbana,Divorciado,3,0,0,0
704,20,3766.4754547441794,504.7288203954387,176.0,0,Estudiante,Rural,Casado,3,2,0,0
705,21,5856.651537890128,0.0,121.0,3,Independiente,Suburbana,Divorciado,1,0,0,0
706,53,6477.190082867633,1356.6096031073514,,4,Independiente,Rural,Soltero,2,1,0,0
707,22,8304.549100682549,,94.0,7,Empleado,Suburbana,Soltero,1,2,0,0
708,65,8812.078830055667,1623.7143204015006,33.0,2,Estudiante,Urbana,Soltero,1,2,0,0
709,39,5433.027063891902,2653.35674040483,166.0,0,Estudiante,Suburbana,Casado,0,0,0,1
710,42,5738.031827116959,785.3061378978792,7.0,6,Empleado,Rural,Casado,0,0,0,1
711,64,5809.599982678727,768.8246663088137,40.0,3,Empleado,Suburbana,Divorciado,0,1,1,0
712,61,6434.116701486735,2256.549825598004,50.0,3,Desempleado,Suburbana,Soltero,3,0,1,0
713,37,5479.989918776852,1272.1117280586623,30.0,2,Desempleado,Suburbana,Divorciado,0,2,1,0
714,27,7494.577986323218,2149.7920192865045,112.0,4,Empleado,Rural,Casado,3,2,1,0
715,26,4368.41183696044,1337.8688049629038,176.0,5,Estudiante,Rural,Divorciado,1,1,0,0
716,21,7505.6557686168735,1463.9618048616303,125.0,2,Independiente,Suburbana,Casado,2,0,1,0
717,61,1000.0,1986.1815679291371,104.0,2,Estudiante,Suburbana,Soltero,1,2,1,0
718,18,6807.203286784339,1675.1589921654454,101.0,3,Independiente,Urbana,Divorciado,1,2,0,0
719,65,2519.623180866598,1321.911947761738,,2,Estudiante,Urbana,Soltero,3,2,1,0
720,26,7608.363083511571,495.53551607743816,38.0,7,Desempleado,Urbana,Divorciado,0,2,0,0
721,47,3948.6386253890414,1888.383296854077,81.0,0,Independiente,Rural,Soltero,3,1,1,0
722,50,3832.2434380733457,1033.1928979635682,171.0,4,Desempleado,Urbana,Casado,3,1,0,0
723,33,2913.4533522318875,2655.9508538553328,171.0,4,Desempleado,Rural,Soltero,1,0,0,0
724,39,6801.556912921397,995.6840186350668,39.0,6,Estudiante,Suburbana,Divorciado,1,2,1,0
725,35,4394.062023669492,217.30830148209077,120.0,5,Estudiante,Urbana,Divorciado,2,2,1,0
726,60,5224.749771929811,1732.046464952037,165.0,7,Desempleado,Urbana,Casado,1,1,0,0
727,55,3475.4647568081655,1284.4328970371057,46.0,3,Desempleado,Suburbana,Soltero,3,0,1,0
728,61,4581.545563377448,2304.092743660399,172.0,7,Independiente,Suburbana,Divorciado,3,1,0,0
729,19,3908.2530900611728,,125.0,4,Empleado,Urbana,Divorciado,3,2,1,0
730,64,,898.295516977945,93.0,5,Desempleado,Rural,Soltero,3,2,0,0
731,41,4028.55638087439,1938.1618548197016,129.0,3,Empleado,Rural,Casado,1,2,1,0
732,39,1046.9402139953945,1544.4757112821214,157.0,0,Estudiante,Suburbana,Soltero,0,2,1,0
733,52,1561.6955179062948,2177.9293321330633,153.0,6,Independiente,Urbana,Casado,2,2,1,0
734,48,4869.759138854163,1127.377527406184,,7,Desempleado,Rural,Casado,3,1,1,0
735,37,3689.3769766058003,0.0,,6,Estudiante,Urbana,Casado,0,0,1,0
736,30,8664.651094080125,1063.1539933125655,17.0,5,Estudiante,Suburbana,Casado,2,0,1,0
737,56,13521.921516770073,551.8545575523455,165.0,3,Independiente,Suburbana,Casado,3,1,0,1
738,30,3883.2646835435025,482.20470826402163,93.0,6,Desempleado,Urbana,Soltero,0,1,1,0
739,45,5059.598601988283,2460.1743262275413,105.0,7,Independiente,Rural,Casado,3,0,1,0
740,20,8025.343341934211,0.0,17.0,4,Empleado,Rural,Soltero,1,1,0,0
741,62,8510.300189492964,1746.2330288969024,161.0,3,Desempleado,Rural,Soltero,3,0,1,0
742,20,6703.469566629557,652.6073332476572,70.0,5,Desempleado,Urbana,Casado,0,0,1,0
743,20,3975.2242534314614,1309.6537865804808,63.0,7,Estudiante,Rural,Divorciado,1,2,1,0
744,28,,2250.105587271307,126.0,1,Estudiante,Urbana,Divorciado,3,0,1,1
745,56,4010.1108096858525,0.0,175.0,3,Estudiante,Suburbana,Divorciado,2,1,0,0
746,60,2246.357641592798,209.6293017401075,19.0,2,Estudiante,Suburbana,Soltero,0,2,0,0
747,24,4841.629815941682,1372.8528268554594,147.0,5,Independiente,Suburbana,Casado,1,2,1,0
748,36,5634.501091688228,1568.7271981536164,21.0,0,Estudiante,Urbana,Divorciado,1,2,0,0
749,36,4869.299939873298,1026.4744042074908,86.0,4,Estudiante,Suburbana,Soltero,1,1,1,0
750,37,9879.64993575505,2164.2860570087014,54.0,3,Independiente,Urbana,Divorciado,1,2,0,0
751,46,6520.751204761411,1933.3363805417816,69.0,4,Desempleado,Suburbana,Casado,1,0,0,0
752,38,1000.0,541.9691048676473,28.0,0,Estudiante,Rural,Casado,3,0,0,1
753,31,4419.491214986324,551.3872303847967,109.0,0,Desempleado,Urbana,Divorciado,1,0,1,0
754,42,1635.656727978681,1536.435042052632,144.0,5,Empleado,Suburbana,Soltero,1,0,1,0
755,59,8964.369398211551,1189.7522216005148,19.0,1,Desempleado,Suburbana,Divorciado,0,0,0,0
756,58,7120.455114084966,1165.9728368099488,24.0,2,Estudiante,Rural,Casado,2,2,0,1
757,37,4395.9029758081515,1935.3572472141786,37.0,7,Empleado,Rural,Casado,3,0,1,1
758,53,1929.5226479810644,0.0,95.0,7,Desempleado,Urbana,Soltero,3,0,1,0
759,49,1894.2504452239468,1882.8703826208707,97.0,2,Estudiante,Urbana,Casado,1,1,1,0
760,46,5718.027767215218,1501.2303833974293,140.0,0,Independiente,Urbana,Soltero,2,1,0,0
761,40,9692.307483643872,269.32826035907897,94.0,2,Desempleado,Suburbana,Divorciado,0,1,0,0
762,63,8510.42592290967,882.9404686810967,158.0,5,Estudiante,Suburbana,Soltero,2,0,1,0
763,54,4129.097811883154,1264.976301801283,172.0,1,Desempleado,Urbana,Casado,1,0,0,0
764,49,6094.340639199654,1031.5662883414082,60.0,0,Desempleado,Suburbana,Soltero,3,2,0,0
765,41,7025.78575265408,1268.1944614488616,21.0,2,Estudiante,Urbana,Soltero,3,1,0,0
766,36,5001.67095811885,866.9726913761751,36.0,6,Independiente,Suburbana,Soltero,3,0,0,1
767,38,6095.866164294123,114.67373804311569,34.0,6,Independiente,Rural,Casado,3,0,0,1
768,24,2813.84042505003,906.0399446430549,130.0,5,Desempleado,Rural,Divorciado,2,0,1,0
769,45,6862.187649223973,2914.2800989798857,157.0,0,Estudiante,Suburbana,Soltero,0,1,1,0
770,31,5101.685910290993,0.0,133.0,7,Estudiante,Suburbana,Divorciado,1,0,1,1
771,18,3524.381225919252,1727.1134796737842,5.0,4,Estudiante,Suburbana,Soltero,0,1,0,0
772,56,3074.294727627631,155.40379369724474,75.0,2,Desempleado,Suburbana,Soltero,1,0,0,0
773,29,7134.172254035197,1571.9040487143304,93.0,5,Independiente,Urbana,Casado,3,1,1,0
774,30,1818.6481431080088,484.00532363545517,83.0,6,Independiente,Urbana,Divorciado,0,0,0,1
775,30,8611.675442043737,1882.275416075473,25.0,7,Independiente,Rural,Casado,0,1,0,1
776,41,2506.5712104970557,0.0,29.0,4,Estudiante,Suburbana,Divorciado,3,1,1,0
777,19,6171.294789652178,963.1456038090162,171.0,4,Independiente,Urbana,Casado,3,0,0,0
778,58,5954.354741817679,1707.7295550751505,7.0,2,Desempleado,Urbana,Divorciado,2,2,0,0
779,61,3109.326456509945,854.2835787312811,45.0,4,Estudiante,Urbana,Soltero,0,1,1,0
780,38,,509.4119736156076,53.0,6,Empleado,Urbana,Casado,2,1,0,0
781,20,6911.897983311074,1315.2548650755323,44.0,7,Empleado,Urbana,Casado,3,1,0,0
782,33,1592.6455747231585,1780.0829135332096,139.0,7,Estudiante,Urbana,Soltero,1,0,1,1
783,54,4624.824813554501,1816.9323254623373,172.0,1,Independiente,Urbana,Divorciado,3,0,0,0
784,19,2963.154885134406,459.4495850418955,21.0,7,Estudiante,Rural,Soltero,3,1,1,0
785,27,6129.28074526667,322.83192946426004,16.0,1,Desempleado,Rural,Soltero,2,2,0,0
786,43,4812.797073145584,231.94123011258068,75.0,5,Desempleado,Suburbana,Divorciado,1,0,1,0
787,54,4521.575667320874,1174.5166145560818,148.0,6,Desempleado,Urbana,Casado,2,0,0,0
788,20,5538.144837251896,908.2021829869209,32.0,2,Empleado,Rural,Soltero,0,1,0,0
789,39,6333.375750795345,1318.2392364096304,173.0,3,Independiente,Urbana,Divorciado,2,2,1,0
790,18,5276.583340657991,699.3195738311167,51.0,7,Desempleado,Urbana,Soltero,3,2,1,0
791,26,,1509.0297665860753,35.0,4,Empleado,Urbana,Casado,1,1,1,0
792,63,2909.7278402700113,1719.107100552394,46.0,0,Desempleado,Urbana,Soltero,1,1,1,0
793,47,7688.73409238169,1134.748192566258,92.0,4,Desempleado,Suburbana,Soltero,0,0,0,0
794,20,5462.281684813485,0.0,10.0,0,Independiente,Suburbana,Soltero,0,0,0,0
795,46,3391.3973083581886,1874.955533082123,128.0,4,Estudiante,Rural,Divorciado,0,2,1,0
796,42,3543.4420044936496,1072.1264622548997,176.0,3,Independiente,Rural,Soltero,3,2,0,1
797,49,3353.4496748355837,1384.6524678653843,141.0,4,Empleado,Urbana,Soltero,2,2,0,0
798,55,6484.3563878572295,1536.3797293881462,50.0,4,Estudiante,Urbana,Divorciado,1,0,0,0
799,56,2651.5976009832475,1285.3616854692427,91.0,0,Estudiante,Urbana,Divorciado,1,0,1,1
800,31,9441.424403304725,1798.790990787729,99.0,3,Estudiante,Suburbana,Soltero,1,2,0,0
801,52,5733.328090227723,0.0,158.0,2,Desempleado,Rural,Divorciado,2,2,0,0
802,41,4876.608804725513,,40.0,4,Empleado,Urbana,Soltero,1,0,1,0
803,65,8796.517090032747,1569.1346598291698,27.0,3,Empleado,Urbana,Divorciado,1,1,0,0
804,25,3701.673969763029,1241.8231859563607,79.0,0,Estudiante,Rural,Divorciado,1,0,0,0
805,40,7433.702083463814,1952.4313549034111,55.0,0,Desempleado,Rural,Casado,2,2,1,0
806,33,6281.550764114573,1884.03174617412,177.0,2,Desempleado,Suburbana,Soltero,1,0,1,0
807,32,5353.268550842901,1117.6746695274678,159.0,0,Estudiante,Rural,Casado,0,1,0,0
808,39,4352.712445569994,1539.6294658946651,38.0,1,Desempleado,Suburbana,Casado,1,2,1,0
809,27,8000.850680584555,1766.7550965883884,59.0,4,Empleado,Urbana,Casado,3,2,1,0
810,51,2454.9087966197258,268.4205478616989,131.0,6,Estudiante,Urbana,Casado,1,1,1,0
811,34,8259.099708781161,1341.2582510275538,152.0,5,Independiente,Rural,Divorciado,3,2,0,0
812,21,6039.120378691648,1354.4917069520197,5.0,3,Empleado,Suburbana,Casado,1,1,0,0
813,22,9879.098753933911,842.9721454752646,45.0,1,Desempleado,Urbana,Casado,1,1,0,1
814,35,8291.585339190357,1386.8856194561336,122.0,5,Estudiante,Rural,Divorciado,2,2,0,0
815,43,1498.7175518373683,540.1181759899058,157.0,6,Estudiante,Urbana,Divorciado,3,2,0,0
816,41,3982.4235407601373,2074.4864115728933,95.0,3,Independiente,Suburbana,Casado,3,2,0,0
817,65,8568.244516981442,1483.0830806226718,42.0,7,Empleado,Suburbana,Casado,3,0,1,0
818,23,4193.066800796761,,52.0,7,Empleado,Urbana,Casado,3,1,0,0
819,39,8343.952546654002,172.35807286715385,176.0,2,Desempleado,Rural,Divorciado,2,0,1,0
820,28,5240.274289380959,3091.576968256006,151.0,5,Empleado,Rural,Casado,3,1,1,0
821,48,4200.532029905867,182.64141625670925,,7,Estudiante,Suburbana,Casado,3,1,0,0
822,41,1086.3549367545538,3123.203538264559,46.0,3,Independiente,Rural,Casado,1,1,0,0
823,48,6371.567748638866,504.73951311884355,57.0,1,Desempleado,Urbana,Casado,0,1,1,0
824,57,5027.158452128957,669.6353457922812,83.0,3,Estudiante,Rural,Soltero,0,0,1,1
825,34,1000.0,1830.4939467630293,13.0,2,Estudiante,Suburbana,Soltero,1,2,0,0
826,49,5584.53205598702,1763.9870229743515,121.0,2,Desempleado,Urbana,Soltero,0,0,0,0
827,31,5516.37621706461,1304.9961886388403,37.0,4,Empleado,Suburbana,Soltero,0,0,0,0
828,55,1000.0,1926.2782016058625,73.0,3,Independiente,Suburbana,Casado,3,1,0,0
829,56,2779.225619091828,534.3331384684262,86.0,6,Independiente,Urbana,Divorciado,2,2,1,1
830,60,4180.3192387399595,0.0,172.0,6,Independiente,Rural,Casado,1,0,1,1
831,57,4043.608730341629,678.2527106106166,115.0,5,Estudiante,Urbana,Divorciado,0,2,0,0
832,27,4555.416327668319,0.0,151.0,7,Empleado,Urbana,Casado,0,0,0,0
833,33,7819.272208903264,1518.4452625564581,,3,Independiente,Suburbana,Casado,2,0,0,0
834,56,3339.8995116024103,734.7628701702797,115.0,7,Empleado,Suburbana,Casado,0,1,1,0
835,39,7595.370821932747,994.0199751038243,40.0,3,Empleado,Urbana,Divorciado,0,1,1,0
836,20,2398.6604269906584,1133.1265039320997,138.0,0,Desempleado,Suburbana,Soltero,2,2,0,0
837,27,2780.3924205210915,633.7014607020218,40.0,6,Independiente,Rural,Divorciado,0,2,0,0
838,60,5373.439752443525,2044.1691719245273,110.0,5,Independiente,Suburbana,Divorciado,0,2,0,0
839,57,10558.311860575206,2290.092497105844,85.0,1,Independiente,Suburbana,Soltero,3,1,1,1
840,44,5320.359402994006,3005.8798409537417,109.0,7,Estudiante,Rural,Casado,3,0,1,0
841,22,6895.67336092072,416.24916854901414,,3,Empleado,Rural,Casado,3,0,1,0
842,38,5736.374630807142,674.4666824992989,59.0,5,Estudiante,Suburbana,Soltero,0,1,0,0
843,29,2380.2351841802883,260.62097803343215,157.0,0,Estudiante,Rural,Casado,3,2,0,0
844,27,5131.914554563894,1803.3647924907261,152.0,6,Estudiante,Suburbana,Soltero,2,0,0,0
845,20,8170.508139489753,204.22566664689532,122.0,7,Desempleado,Suburbana,Soltero,3,2,0,1
846,58,4741.8532939472825,1589.2725437880454,36.0,2,Empleado,Rural,Casado,1,0,0,0
847,64,5879.646489379025,1755.6370936375165,37.0,1,Independiente,Rural,Casado,1,2,0,0
848,46,,2218.33218808413,45.0,4,Estudiante,Suburbana,Divorciado,2,2,0,0
849,57,5489.394945477403,1806.1793085769655,36.0,0,Desempleado,Suburbana,Divorciado,0,1,0,0
850,52,4548.065713482243,1246.712754830806,45.0,5,Independiente,Urbana,Soltero,2,1,1,0
851,23,1509.9353714288113,530.5957839664233,88.0,6,Independiente,Suburbana,Divorciado,2,1,1,0
852,48,4981.340778667697,1280.0492346136252,61.0,7,Desempleado,Suburbana,Soltero,2,0,0,0
853,54,12203.003877953928,894.4800057390298,129.0,0,Independiente,Rural,Divorciado,2,2,0,0
854,27,2058.399419998188,2561.987775563938,97.0,6,Desempleado,Urbana,Casado,1,0,0,0
855,26,8197.09437757108,274.79023727530955,27.0,7,Desempleado,Rural,Casado,2,2,0,0
856,46,6663.155174698273,1868.165138663613,53.0,0,Desempleado,Rural,Casado,2,0,0,0
857,62,5909.56278374929,1460.657536318274,133.0,4,Independiente,Suburbana,Casado,1,1,0,0
858,52,3919.359579352199,1603.0314657779259,81.0,2,Empleado,Suburbana,Casado,0,2,1,0
859,32,4271.614301047011,0.0,98.0,4,Estudiante,Rural,Soltero,0,0,1,0
860,49,5990.664930165276,0.0,114.0,4,Estudiante,Suburbana,Divorciado,0,1,0,0
861,47,8033.735408644317,,120.0,4,Estudiante,Suburbana,Soltero,3,2,0,1
862,59,1000.0,0.0,85.0,1,Empleado,Suburbana,Soltero,3,0,1,0
863,41,5396.308354278536,1349.2062497920554,28.0,4,Estudiante,Suburbana,Casado,3,1,0,0
864,60,,342.0893962061755,99.0,0,Estudiante,Rural,Soltero,0,2,0,0
865,64,5479.827780284047,1977.7822063765052,45.0,7,Estudiante,Rural,Divorciado,1,0,0,0
866,33,2474.79454815528,1503.3402100143157,180.0,5,Desempleado,Rural,Divorciado,2,2,0,0
867,41,1153.2734275521389,,91.0,3,Independiente,Rural,Casado,0,1,1,0
868,61,7389.480202639857,1619.3652885780048,85.0,3,Estudiante,Suburbana,Soltero,2,1,0,0
869,50,7985.9944517192425,1942.1939204230741,22.0,3,Independiente,Suburbana,Casado,2,0,1,0
870,24,10117.3295398753,1286.8947352472692,52.0,1,Empleado,Urbana,Casado,2,1,0,0
871,32,10124.72846424261,444.7207279307339,52.0,1,Desempleado,Urbana,Soltero,0,1,1,0
872,48,4986.645640696313,,154.0,1,Independiente,Urbana,Soltero,0,1,1,0
873,51,2893.0388520245947,0.0,5.0,1,Desempleado,Suburbana,Divorciado,3,1,0,0
874,55,7673.245904529127,456.0526768778733,25.0,0,Empleado,Urbana,Soltero,3,2,1,0
875,47,4497.927481792635,2467.6682118165554,177.0,1,Desempleado,Suburbana,Casado,0,2,0,0
876,33,6930.212688682029,2592.169163788022,100.0,3,Empleado,Rural,Soltero,1,2,0,0
877,58,5801.327585240682,1644.3941818381672,173.0,0,Empleado,Rural,Divorciado,0,2,0,0
878,42,4898.321106249375,521.0429609787826,49.0,4,Empleado,Urbana,Divorciado,3,0,1,0
879,43,6879.48238533828,851.2790321356078,36.0,3,Estudiante,Suburbana,Divorciado,3,0,1,0
880,65,7111.304915609311,743.6247856094247,,5,Desempleado,Urbana,Soltero,0,2,1,0
881,55,5061.541868286207,1123.7739957595393,90.0,2,Desempleado,Urbana,Soltero,2,0,0,0
882,42,8192.412562614147,860.5210870194103,7.0,0,Empleado,Urbana,Divorciado,2,1,1,0
883,58,8467.475298981544,476.1186076795193,110.0,4,Empleado,Urbana,Divorciado,3,2,1,0
884,50,6174.643979174017,649.9194979289688,117.0,0,Independiente,Urbana,Casado,0,0,1,0
885,46,8289.364555599273,545.0692035715837,68.0,0,Estudiante,Urbana,Soltero,2,1,1,0
886,30,3708.168140444581,194.95805320380805,43.0,0,Estudiante,Suburbana,Soltero,1,0,0,0
887,50,5757.601536215054,1672.8389638794797,90.0,5,Estudiante,Rural,Soltero,0,0,1,0
888,29,6707.822959226993,1084.6096320503561,21.0,7,Desempleado,Urbana,Divorciado,2,0,1,0
889,61,3848.6471711567056,977.0560658336831,18.0,2,Estudiante,Rural,Soltero,0,2,1,0
890,35,4898.676192661992,1402.0883419376,40.0,1,Desempleado,Rural,Soltero,1,0,0,0
891,50,5959.632026183061,2591.775259667479,40.0,6,Independiente,Urbana,Casado,3,0,1,0
892,60,5599.090162703708,1488.640774772168,108.0,3,Estudiante,Rural,Casado,1,2,1,0
893,63,5678.639516013154,938.6131520277363,120.0,2,Estudiante,Urbana,Casado,0,1,0,0
894,62,6385.186252534864,863.4715248412656,95.0,1,Estudiante,Urbana,Casado,0,1,1,0
895,64,5354.456871781622,2127.414830782163,74.0,5,Empleado,Rural,Soltero,0,0,0,0
896,49,,,163.0,5,Independiente,Suburbana,Divorciado,3,2,0,1
897,47,1000.0,1051.724871474494,18.0,4,Estudiante,Urbana,Divorciado,1,2,1,0
898,39,4269.703175771208,1296.2083474418482,75.0,5,Empleado,Suburbana,Casado,1,1,0,0
899,20,4909.408059170134,1313.2142200595044,69.0,7,Empleado,Rural,Soltero,3,2,0,0
900,54,4553.3342849301225,1509.067759292676,15.0,7,Empleado,Rural,Soltero,3,2,0,0
901,64,1213.3949962827764,1289.1298368643434,175.0,1,Desempleado,Suburbana,Casado,0,2,1,0
902,57,3157.301875458563,2134.293234619254,102.0,0,Independiente,Suburbana,Divorciado,3,2,1,0
903,40,3116.9650353000943,1996.1765472160362,7.0,7,Desempleado,Suburbana,Soltero,2,1,0,0
904,18,5471.16839701317,0.0,136.0,7,Independiente,Rural,Casado,1,2,0,0
905,26,3309.3316270471905,1878.2408193034553,59.0,1,Estudiante,Rural,Soltero,2,0,0,0
906,50,7477.522062123971,160.51938181566788,86.0,6,Independiente,Urbana,Casado,0,2,0,0
907,65,9407.139314106464,1180.348634392093,130.0,6,Empleado,Urbana,Divorciado,2,1,1,1
908,38,7712.114135502403,230.52692036547967,173.0,4,Estudiante,Urbana,Soltero,3,0,0,0
909,25,4360.127459567339,1532.723416206284,89.0,6,Empleado,Urbana,Soltero,2,2,1,0
910,22,4717.091367510923,0.0,52.0,4,Estudiante,Rural,Casado,1,1,1,0
911,20,5023.044157517861,0.0,76.0,5,Empleado,Rural,Divorciado,0,1,1,0
912,56,2823.2686460236873,77.70576580359057,51.0,2,Independiente,Urbana,Casado,1,2,0,0
913,35,8331.388642708014,2357.0840839550574,90.0,6,Desempleado,Suburbana,Casado,3,2,0,0
914,39,6353.909829377023,1015.9450384222446,124.0,7,Independiente,Urbana,Casado,0,2,1,0
915,42,5570.846948708988,2105.483868012875,18.0,0,Empleado,Rural,Casado,3,1,1,0
916,26,1000.0,339.918487617477,147.0,0,Independiente,Urbana,Casado,0,0,1,0
917,31,8010.106006979906,2169.816782478347,48.0,1,Estudiante,Suburbana,Casado,3,2,1,0
918,37,6974.303250033396,364.0227473185636,123.0,0,Empleado,Rural,Divorciado,1,0,1,0
919,45,7973.872452683594,2289.146153023081,36.0,3,Estudiante,Suburbana,Casado,2,2,0,0
920,54,7295.625668760477,0.0,,1,Desempleado,Rural,Casado,3,2,0,0
921,19,5811.487022289942,1668.1920514334524,35.0,0,Estudiante,Suburbana,Casado,2,2,1,0
922,54,4210.956674194338,1349.3415392780719,124.0,2,Estudiante,Suburbana,Divorciado,2,2,1,0
923,35,4216.352096609569,,16.0,7,Desempleado,Suburbana,Casado,3,2,1,0
924,45,9276.477043133596,1372.0549362018128,112.0,5,Estudiante,Urbana,Casado,2,2,0,0
925,40,2735.0508845832583,98.71997476894762,83.0,3,Independiente,Urbana,Divorciado,2,2,1,0
926,54,3347.5447366453445,515.5413001938902,45.0,7,Independiente,Urbana,Soltero,1,2,1,0
927,22,5866.325695053343,1588.4453777510603,97.0,1,Empleado,Urbana,Soltero,3,1,0,0
928,38,,599.9104102761669,165.0,0,Desempleado,Urbana,Casado,0,2,0,1
929,37,7801.576786458789,,41.0,1,Empleado,Suburbana,Soltero,0,2,0,0
930,24,4850.0915824516405,374.3433623023808,62.0,2,Independiente,Rural,Soltero,2,1,1,0
931,21,5750.706286354362,2928.0609984505336,37.0,2,Independiente,Urbana,Divorciado,1,2,1,0
932,45,2854.256080311118,779.0693576265361,109.0,2,Estudiante,Suburbana,Casado,2,2,0,0
933,21,5643.585150744087,1633.3312196127504,116.0,6,Estudiante,Suburbana,Divorciado,3,0,0,0
934,19,1000.0,,139.0,6,Estudiante,Urbana,Casado,0,1,0,0
935,39,8730.729871703552,860.1650873674175,156.0,5,Desempleado,Rural,Soltero,1,0,1,1
936,36,12266.545733330657,2182.164306340634,98.0,2,Desempleado,Suburbana,Soltero,1,1,1,0
937,35,8436.124832470518,2150.04255182481,7.0,6,Estudiante,Suburbana,Soltero,2,0,0,0
938,56,8396.7901467701,1182.4724093741766,72.0,6,Estudiante,Suburbana,Divorciado,3,0,0,0
939,59,5197.600012167867,,124.0,7,Independiente,Rural,Soltero,2,1,0,0
940,18,4056.5705744257803,951.2818541715847,150.0,5,Desempleado,Urbana,Divorciado,2,1,0,0
941,33,5663.650125474417,2478.636838002803,129.0,4,Desempleado,Suburbana,Soltero,0,1,1,1
942,31,1000.0,2275.9474208620904,19.0,6,Independiente,Urbana,Soltero,2,2,0,0
943,34,2970.310053684535,1116.3841252449708,69.0,0,Empleado,Rural,Divorciado,1,1,1,0
944,37,3689.0053588459964,2683.4215275725305,71.0,1,Independiente,Suburbana,Soltero,2,1,1,0
945,38,4250.105572585238,1617.158341303369,6.0,3,Estudiante,Rural,Soltero,1,2,1,0
946,51,6933.1666956905865,271.9945999035524,115.0,5,Independiente,Suburbana,Soltero,0,0,1,0
947,54,5258.074119653898,2163.46101048564,142.0,2,Empleado,Rural,Divorciado,0,2,1,0
948,26,3316.9129728925436,1863.1724875850146,118.0,7,Estudiante,Suburbana,Divorciado,1,0,1,0
949,56,4672.300071747681,2130.923218429283,139.0,7,Desempleado,Urbana,Casado,3,2,1,0
950,26,9868.742354722974,0.0,119.0,5,Desempleado,Suburbana,Soltero,1,2,1,0
951,28,2154.662274727548,849.1923090161904,93.0,2,Estudiante,Suburbana,Casado,1,1,1,0
952,64,9163.561052110703,1625.9728437343542,45.0,4,Estudiante,Suburbana,Divorciado,1,1,0,0
953,50,2388.121002572134,1743.1362603539974,42.0,6,Estudiante,Suburbana,Divorciado,0,1,1,0
954,51,3215.663168495531,1896.4255473722847,113.0,1,Estudiante,Suburbana,Casado,1,0,1,0
955,29,6847.412493384976,465.51054846013403,,3,Desempleado,Rural,Divorciado,3,0,0,0
956,39,5335.113916195263,2179.7470092714043,177.0,5,Independiente,Rural,Divorciado,1,1,0,0
957,58,1000.0,1440.8870456949724,,4,Independiente,Rural,Soltero,0,1,1,0
958,39,2732.7516952908945,1187.0499126009527,156.0,6,Independiente,Urbana,Casado,0,1,1,0
959,28,6644.4055921432,2810.535179142673,20.0,7,Independiente,Urbana,Casado,2,1,0,0
960,39,5434.255547904949,2372.4205273775406,160.0,5,Independiente,Suburbana,Divorciado,3,2,0,0
961,28,3398.754533127486,803.9839496132186,80.0,7,Estudiante,Suburbana,Casado,3,0,0,0
962,28,6967.646489621708,1361.4088387255692,162.0,6,Estudiante,Rural,Casado,0,0,1,1
963,21,4678.9527954317455,915.5884434498514,72.0,2,Estudiante,Rural,Casado,1,1,0,1
964,46,8833.236389796251,969.2462631779413,1.0,5,Independiente,Urbana,Casado,1,0,0,1
965,39,2947.8766982097573,516.0995005938231,117.0,6,Empleado,Urbana,Soltero,3,2,1,0
966,49,7174.75283920404,3005.217960969963,172.0,2,Empleado,Suburbana,Soltero,1,2,0,0
967,40,4190.043291755041,2918.9004202854103,160.0,6,Independiente,Rural,Divorciado,0,2,0,0
968,31,5472.898081100439,976.1502160162919,22.0,7,Empleado,Rural,Divorciado,2,2,0,0
969,32,3224.30732092062,1041.58895980068,131.0,2,Desempleado,Suburbana,Soltero,2,0,1,0
970,49,3609.648399619903,530.895340791453,21.0,7,Estudiante,Rural,Divorciado,1,0,0,0
971,42,1369.8743309858437,2612.8933477196906,6.0,1,Estudiante,Urbana,Casado,1,1,1,0
972,27,8160.964853834947,1417.280294097996,180.0,4,Independiente,Suburbana,Divorciado,0,1,0,0
973,22,5139.960095789797,1195.5357617865623,120.0,1,Estudiante,Urbana,Divorciado,0,1,0,0
974,58,3557.7276777690704,292.9188000123477,89.0,3,Estudiante,Suburbana,Casado,2,1,1,0
975,39,7293.535283077271,990.2218439261924,178.0,1,Empleado,Suburbana,Divorciado,2,1,1,1
976,32,6314.339282572227,0.0,63.0,4,Empleado,Suburbana,Casado,1,2,1,0
977,43,4711.427995063325,,113.0,3,Empleado,Urbana,Divorciado,1,0,1,0
978,32,6710.13938086234,1996.2222820617485,80.0,7,Desempleado,Rural,Soltero,3,0,1,0
979,43,9149.248473034548,696.8162136433133,44.0,6,Empleado,Urbana,Soltero,1,0,0,0
980,19,2680.252269919077,865.1251136221858,109.0,0,Independiente,Urbana,Divorciado,0,0,0,0
981,30,3751.717694965719,1544.9867009171498,,0,Desempleado,Rural,Casado,3,1,1,0
982,41,1993.0442696852447,,,7,Empleado,Urbana,Divorciado,2,2,0,0
983,60,4633.879256606564,1781.204851519539,10.0,3,Estudiante,Urbana,Soltero,3,1,1,0
984,30,2931.3582722734513,1879.2906364851274,18.0,2,Empleado,Urbana,Casado,0,1,1,0
985,46,6413.344335067334,2437.436469391499,,7,Estudiante,Suburbana,Casado,0,1,1,0
986,64,3494.3633339072767,0.0,27.0,2,Independiente,Suburbana,Soltero,0,0,1,1
987,43,6996.354400537772,1423.899630275808,136.0,4,Estudiante,Urbana,Divorciado,2,2,1,0
988,46,6006.245017986298,,25.0,0,Empleado,Suburbana,Soltero,2,1,1,0
989,20,7437.8765183141595,693.259354339943,90.0,6,Empleado,Suburbana,Divorciado,3,0,1,0
990,36,6005.1511966915805,832.3455105992466,,0,Estudiante,Suburbana,Divorciado,2,2,1,0
991,26,6385.953975710839,243.89563894800835,58.0,6,Empleado,Rural,Soltero,1,1,1,1
992,61,6749.195768114983,1726.0714076191543,7.0,5,Desempleado,Rural,Soltero,2,1,0,0
993,46,5789.945395706743,2515.117380161355,36.0,2,Empleado,Rural,Soltero,1,2,1,0
994,26,6017.90080203095,1935.003008029335,175.0,2,Independiente,Suburbana,Casado,0,2,1,0
995,39,5731.041994497618,1863.5190912037774,,5,Independiente,Suburbana,Soltero,1,1,1,0
996,56,1666.7392108464387,1226.3558379000692,163.0,1,Estudiante,Rural,Soltero,3,0,1,0
997,52,2682.661593004096,1312.3417564894278,119.0,6,Estudiante,Urbana,Soltero,2,2,1,1
998,20,6460.481775025182,1845.9980904366835,90.0,7,Desempleado,Suburbana,Divorciado,3,2,0,0
999,64,6724.774816013953,930.5176281782876,66.0,0,Independiente,Suburbana,Soltero,3,0,0,0
1000,59,,0.0,53.0,1,Independiente,Suburbana,Divorciado,2,2,1,0
